-- MySQL dump 10.19  Distrib 10.3.29-MariaDB, for debian-linux-gnu (x86_64)
--
-- Host: localhost    Database: mediasante
-- ------------------------------------------------------
-- Server version	10.3.29-MariaDB-0ubuntu0.20.10.1

/*!40101 SET @OLD_CHARACTER_SET_CLIENT=@@CHARACTER_SET_CLIENT */;
/*!40101 SET @OLD_CHARACTER_SET_RESULTS=@@CHARACTER_SET_RESULTS */;
/*!40101 SET @OLD_COLLATION_CONNECTION=@@COLLATION_CONNECTION */;
/*!40101 SET NAMES utf8mb4 */;
/*!40103 SET @OLD_TIME_ZONE=@@TIME_ZONE */;
/*!40103 SET TIME_ZONE='+00:00' */;
/*!40014 SET @OLD_UNIQUE_CHECKS=@@UNIQUE_CHECKS, UNIQUE_CHECKS=0 */;
/*!40014 SET @OLD_FOREIGN_KEY_CHECKS=@@FOREIGN_KEY_CHECKS, FOREIGN_KEY_CHECKS=0 */;
/*!40101 SET @OLD_SQL_MODE=@@SQL_MODE, SQL_MODE='NO_AUTO_VALUE_ON_ZERO' */;
/*!40111 SET @OLD_SQL_NOTES=@@SQL_NOTES, SQL_NOTES=0 */;

--
-- Table structure for table `author`
--

DROP TABLE IF EXISTS `author`;
/*!40101 SET @saved_cs_client     = @@character_set_client */;
/*!40101 SET character_set_client = utf8 */;
CREATE TABLE `author` (
  `id` int(11) NOT NULL AUTO_INCREMENT,
  `last_name` varchar(255) COLLATE utf8mb4_unicode_ci NOT NULL,
  `first_name` varchar(255) COLLATE utf8mb4_unicode_ci NOT NULL,
  PRIMARY KEY (`id`)
) ENGINE=InnoDB AUTO_INCREMENT=963 DEFAULT CHARSET=utf8mb4 COLLATE=utf8mb4_unicode_ci;
/*!40101 SET character_set_client = @saved_cs_client */;

--
-- Dumping data for table `author`
--

LOCK TABLES `author` WRITE;
/*!40000 ALTER TABLE `author` DISABLE KEYS */;
INSERT INTO `author` VALUES (4,'Abdelnour','Sarah'),(5,'Adams','Carrie'),(6,'Adler','Laure'),(7,'Adler','Elizabeth'),(8,'Agamben','Giorgio'),(9,'Aimelet','Aurore'),(10,'Albert','Adrien'),(11,'Albom','Mitch'),(12,'Aleksievic','Svetlana Aleksandrovna'),(13,'Alfonzo','D\''),(14,'Alimi','Jannick'),(15,'Allais','Juliette'),(16,'Allancé','Mireille d\''),(17,'Allen','Sarah A.'),(18,'Almassy','Eva'),(19,'Almeida-Topor','Hélène d\''),(20,'Altamirano','Ignacio Manuel'),(21,'AM',''),(22,'Amira',''),(23,'Anderson','Poul'),(24,'Andreae','Giles'),(25,'Angot','Christine'),(26,'Annocque','Philippe'),(27,'Antier','Edwige'),(28,'Antoine-Andersen','Véronique'),(29,'Anton','Frédéric'),(30,'Apeloig','Philippe'),(31,'Appelfeld','Aharon'),(32,'Applewhaite, Charles',''),(33,'Arbona','Cécile'),(34,'Argunas','Will'),(35,'Arpino','Giovanni'),(36,'Arrou-Vignod','Jean-Philippe'),(37,'Aruko',''),(38,'Asklund','Jacques'),(39,'Astier','Ingrid'),(40,'Astruc','Lionel'),(41,'Atakpama','Gnimdéwa'),(42,'Atkinson','Sam'),(43,'Aubrun','Claudine'),(44,'Aubry','Florence'),(45,'Aue','Holger'),(46,'Augias','Corrado'),(47,'Auslander','Shalom'),(48,'Autain-Pléros','Elsa'),(49,'Avery','Zak'),(50,'Ayache','Georges'),(51,'Ayroles','Alain'),(52,'Azemi','Gani'),(53,'Bacchin','Matteo'),(54,'Bacewicz','Grazyna'),(55,'Bach','Johann Sebastian'),(56,'Bachmann','Ingeborg'),(57,'Bailly','Sandrine'),(58,'Balam Acab',''),(59,'Ballard','James Graham'),(60,'Banerjee','Abhijit V.'),(61,'Bard','Patrick'),(62,'Bardon','Léo'),(63,'Barillé','Elisabeth'),(64,'Barnier','Louis-Marie'),(65,'Barral','René'),(66,'Barron','Judy'),(67,'Bartoll','Jean-Claude'),(68,'Baudelaire','Charles'),(69,'Beaudout','Ghislaine'),(70,'Beaune','Colette'),(71,'Beaupré','Christine de'),(72,'Beauverger','Stéphane'),(73,'Begag','Azouz'),(74,'Bélineau','Nathalie'),(75,'Ben Kemoun','Hubert'),(76,'Ben Soussan','Patrick'),(77,'Benhedi','Louis'),(78,'Benjamin',''),(79,'Bennett','Tony'),(80,'Bensalah','Sabrina'),(81,'Benyoucef','Messaoud'),(82,'Berger','John'),(83,'Berner','Rotraut Susanne'),(84,'Bérot','Marie-Claude'),(85,'Bertheau','Georges'),(86,'Bertho','Alain'),(87,'Bertocchini','Frédéric'),(88,'Beucher','Patricia'),(89,'Bézuel','Sylvie'),(90,'Bianchi','Enzo'),(91,'Bianu','Zéno'),(92,'Bidot','Laurent'),(93,'Bihl','Agnès'),(94,'Billingsley','Franny'),(95,'Billy','André'),(96,'Biondini','Luciano'),(97,'Bissongo','Bebey Prince'),(98,'Bittner','Noëlle'),(99,'Bizet','Georges'),(100,'Blake','Stéphanie'),(101,'Blanvillain','Luc'),(102,'Bloch','Muriel'),(103,'Bloch-Henry','Anouk'),(104,'Blyton','Enid'),(105,'Bobin','Christian'),(106,'Bocquenet-Carle','Jeanne'),(107,'Boileau','Pierre'),(108,'Bolano','Roberto'),(109,'Bonanno','Bill'),(110,'Bonnet','Rosalinde'),(111,'Bonnet','Jean-Pierre'),(112,'Bonneval','Gwen de'),(113,'Bonniol','Magali'),(114,'Bordage','Stéphane'),(115,'Bordes','Gilbert'),(116,'Borges','Jorge Luis'),(117,'Bornstein','Henri'),(118,'Bouchaud','Joseph'),(119,'Bouchet','Maurice'),(120,'Bouchié','Pascale'),(121,'Boudassou','Bénédicte'),(122,'Boudier-Ducloy','Nicolas'),(123,'Boudou','Josette'),(124,'Boulet',''),(125,'Bourcy','Thierry'),(126,'Bourdon','Laurent'),(127,'Bourgeade','Justin'),(128,'Bourget','Laëtitia'),(129,'Bourguignon','Laurence'),(130,'Bourre','Jean-Paul'),(131,'Bourseiller','Philippe'),(132,'Bousbia','Safinez'),(133,'Bowles','Jane'),(134,'Brami','Elisabeth'),(135,'Branchu','Michel'),(136,'Bredin','Jean-Denis'),(137,'Breuzé','Patrick'),(138,'Bridgewater','Alan'),(139,'Brisac','Nathalie'),(140,'Brown','Peter'),(141,'Brubaker','Ed'),(142,'Bruch','Marie-Anne'),(143,'Bruckner','Pascal'),(144,'Brugger','Arthur'),(145,'Brunschwig','Chantal'),(146,'Bstan \'dzin rgya mtsho',''),(147,'Buanic','Thierry'),(148,'Buchholz','Quint'),(149,'Bujold','Lois McMaster'),(150,'Bull','Jane'),(151,'Bunting','Eve'),(152,'Burghelle Rey','France'),(153,'Burton','Virginia Lee'),(154,'Bustarret','Nicole'),(155,'Cajkovskij','Petr Ilic'),(156,'Cali','Davide'),(157,'Calmel','Mireille'),(158,'Camilleri','Andrea'),(159,'Camp','Lindsay'),(160,'Camus','Renaud'),(161,'Capel','Fanny'),(162,'Caputo','Natha'),(163,'Carboneill','Bénédicte'),(164,'Carey','Jacqueline'),(165,'Carlier','Guy'),(166,'Carminati','Jean-Paul'),(167,'Caron','Aline'),(168,'Caron','Emmanuelle'),(169,'Carré','Claude'),(170,'Carrier','Isabelle'),(171,'Carter','Ron'),(172,'Carteron','Marine'),(173,'Cartland','Barbara'),(174,'Casajuana','Carles'),(175,'Casal','Luz'),(176,'Cassabois','Jacques'),(177,'Castino','Didier'),(178,'Castro','Eve de'),(179,'Catel',''),(180,'Caubet','Gérard'),(181,'Causse','Manu'),(182,'Cazals','Thierry'),(183,'Ced',''),(184,'Césaire','Aimé'),(185,'Chabas','Jean-François'),(186,'Chaffoin','Thierry'),(187,'Challoner','Jack'),(188,'Chambaz','Bernard'),(189,'Chambon','Christine'),(190,'Champonnois','Suzanne'),(191,'Chancellor','Henry'),(192,'Chaptal','Camille'),(193,'Charles','Lise'),(194,'Chartier','Dan'),(195,'Charton','Franck'),(196,'Chartrand','Frédérique'),(197,'Charyn','Jerome'),(198,'Châtelet','Noëlle'),(199,'Chausse','Sylvie'),(200,'Chauvier','Eric'),(201,'Chavy','Isabelle'),(202,'Cheever','John'),(203,'Chevandier','Christian'),(204,'Child','Lauren'),(205,'Choplin','Antoine'),(206,'Christie','Agatha'),(207,'Christopher','Lucy'),(208,'Churchill','Winston'),(209,'Chwin','Stefan'),(210,'Clarke',''),(211,'Claudel','Philippe'),(212,'Claudet','Philippe'),(213,'Cluzeau','Nicolas'),(214,'Coben','Harlan'),(215,'Cocho','Juan'),(216,'Colette',''),(217,'Collins','Bootsy'),(218,'Collodi','Carlo'),(219,'Colson','Raphaël'),(220,'Coltrane','John'),(221,'Conrad','Joseph'),(222,'Conte','Bernard'),(223,'Corbel','Cécile'),(224,'Cornuel','Pierre'),(225,'Cortey','Anne'),(226,'Costa','Olivier'),(227,'Cothias','Patrick'),(228,'Courault','Pascal'),(229,'Courgeon','Rémi'),(230,'Courtoisie','Rafael'),(231,'Couturier','Elisabeth'),(232,'Crowther','Kitty'),(233,'Cumont','Louise-Marie'),(234,'Cuvellier','Vincent'),(235,'Cuzacq','Marie-Laure'),(236,'Cymes','Michel'),(237,'Daeninckx','Didier'),(238,'Damotte','Isabelle'),(239,'Daniel','Stéphane'),(240,'Darga','Martina'),(241,'Darmon','Olivier'),(242,'Dassas','Michèle'),(243,'Dattas','Lydie'),(244,'Daures','Jean-François'),(245,'Dauvillier','Loïc'),(246,'Davis','Lydia'),(247,'Davodeau','Etienne'),(248,'Davoust','Lionel'),(249,'Dayre','Valérie'),(250,'De Greef','Sabine'),(251,'De Groot','Bob'),(252,'Debray','Quentin'),(253,'Dechamps','Dominique'),(254,'Decoin','Didier'),(255,'Dedet','Joséphine'),(256,'Dedieu','Franck'),(257,'Dedonder','Nicole'),(258,'Defossez','Jean-Marie'),(259,'Dégruel','Yann'),(260,'Dejours','Christophe'),(261,'Delerm','Philippe'),(262,'Delessert','Etienne'),(263,'Delisle','Guy'),(264,'Delitte','Jean-Yves'),(265,'Dellaira','Ava'),(266,'Delval','Marie-Hélène'),(267,'Denoël','Jacques'),(268,'Dent','Grace'),(269,'Denys','Ivan'),(270,'Desarthe','Agnès'),(271,'Desjardins','Arnaud'),(272,'Desnouveaux','Florence'),(273,'Desplechin','Marie'),(274,'Desquesnes','Rémy'),(275,'Desvignes','Lucette'),(276,'Deunov','Peter'),(277,'Devroede','Ghislain'),(278,'Dewulf','Michel'),(279,'Dhilly','Olivier'),(280,'Di Giusto','Gerardo'),(281,'Di Paolo','Paolo'),(282,'Dibos-Lacroux','Sylvie'),(283,'Djian','Jean-Blaise'),(284,'Dogan','Mustafa Zewal'),(285,'Dollen','Arnaud'),(286,'Domingue','Ronlyn'),(287,'Donaldson','Julia'),(288,'Dorsan','Mary'),(289,'Douay','Dominique'),(290,'Douriaux','Hugues'),(291,'Dours','Philippe'),(292,'Douru','Muriel'),(293,'Douzou','Olivier'),(294,'Droit','Roger-Pol'),(295,'Droz','Bernard'),(296,'Du Bouchet','Paule'),(297,'Dubreuil','Anna'),(298,'Dubus Vaillant','Nicole'),(299,'Duclos','Valérie'),(300,'Ducret','Diane'),(301,'Dummel','Karsten'),(302,'Dumon','Charles-Henri'),(303,'Dunbar','Polly'),(304,'Dunmore','Helen'),(305,'Duprat','Frédéric'),(306,'Dupriez','Dominique'),(307,'Duquesne','Jacques'),(308,'Durant','Alan'),(309,'Eco','Umberto'),(310,'El Rego',''),(311,'Eldiablito',''),(312,'Elias','Bettie'),(313,'Ende','Michael'),(314,'Enderlen-Debuisson','Marie'),(315,'Errera','Eglal'),(316,'Erroc',''),(317,'Escoffier','Michaël'),(318,'Escot','Richard'),(319,'Esquenazi','Jean-Pierre'),(320,'Estes','Eleanor'),(321,'Estrada de Tourniel','Jérôme'),(322,'Etienne','Rica'),(323,'Evain','Christine'),(324,'Eveillard','Nathalie'),(325,'Fajardo','José Manuel'),(326,'Fallada','Hans'),(327,'Farnault','Hélène'),(328,'FAVARCQ','Lucienne'),(329,'Favaro','Patrice'),(330,'Fayet','Michelle'),(331,'Fel','Jérémy'),(332,'Ferguson','Richard'),(333,'Ferguson','Craig'),(334,'Fernandez','Dominique'),(335,'Ferry','Luc'),(336,'Fettmann','David'),(337,'Fielding','Joy'),(338,'Filippini','Henri'),(339,'Fillipetti','Sandrine'),(340,'Firmin-Didot','Catherine'),(341,'Flahault','Isabelle'),(342,'Flipflops',''),(343,'Fogelin','Adrian'),(344,'Folsom','Allan'),(345,'Fontaine','Catherine'),(346,'Fontaine','Philippe'),(347,'Fontanel','Béatrice'),(348,'Fordacq','Marie-Odile'),(349,'Forstchen','William R.'),(350,'Fouchet','Lorraine'),(351,'Frabetti','Carlo'),(352,'Franc','Alexandre'),(353,'Franz','Marie-Louise von'),(354,'Frébourg','Olivier'),(355,'Frey','Philippe'),(356,'Friconnet','Fabien'),(357,'Fringuet-Paturle','Isabelle'),(358,'Frisell','Bill'),(359,'Frison','Danièle'),(360,'Fritsch','Philippe'),(361,'Fromont','Charlotte'),(362,'Fuentès','Roland'),(363,'Gabaldon','Diana'),(364,'Galdone','Paul'),(365,'Galliot','Lucile'),(366,'Gallo','Max'),(367,'Gamboa','Santiago'),(368,'Gandolfi','Silvana'),(369,'Garoche','Sylvie'),(370,'Gaulon','Pierre'),(371,'Gaumer','Patrick'),(372,'Gay','Marie-Claude'),(373,'Geers','Amandine'),(374,'Gendrey','Patricia'),(375,'Genefort','Laurent'),(376,'Georges','Gérard'),(377,'Giébel','Karine'),(378,'Gigault','Dimitri'),(379,'Gilbert','Guy'),(380,'Gillot','Laurence'),(381,'Gilman','David'),(382,'Gimbert','Yveline'),(383,'Ginet','Pierre-Yves'),(384,'Girard-Frésard','Jacqueline'),(385,'Giraudeau','Bernard'),(386,'Giroud','Frank'),(387,'Glucksmann','André'),(388,'Godard','Christian'),(389,'Godfroy','Marion F.'),(390,'Godin','François'),(391,'Goldberg','Aaron'),(392,'Goldstein','Steven'),(393,'Gorkij','Maksim'),(394,'Gornet','Thomas'),(395,'Graff','Laurent'),(396,'Granger','Bernard'),(397,'Grard','Françoise'),(398,'Gravier','Gabriel'),(399,'Gréco','Juliette'),(400,'Greenwald','Tommy'),(401,'Grimaldi','Nicolas'),(402,'Gruillot','Etienne'),(403,'Grun','Anselm'),(404,'Gualde','Norbert'),(405,'Guedj','Nicole'),(406,'Guillaume','Stéphanie'),(407,'Guillaume-Hofnung','Michèle'),(408,'Guillebaud','Jean-Claude'),(409,'Guillemin','Henri'),(410,'Guillot','Marion'),(411,'Guinin','Blaise'),(412,'Gurrumul Yunupingu','Geoffrey'),(413,'Hadji-Lazaro','François'),(414,'Hajime',''),(415,'Halévy','Marc'),(416,'Hallensleben','Anne'),(417,'Halter','Marek'),(418,'Hamdi','Nora'),(419,'Hamisi','Halid al-'),(420,'Hanawa','Kazuichi'),(421,'Hanna','Virginie'),(422,'Hansen','Thore'),(423,'Haroux-Métayer','Eliane'),(424,'Harrison','Lisi'),(425,'Hassan','Yaël'),(426,'Hatzfeld','Jean'),(427,'Hausfater','Rachel'),(428,'Heiney','Rose'),(429,'Helbrough','Emma'),(430,'Helft','Claude'),(431,'Herbauts','Anne'),(432,'Hines','Jim C.'),(433,'Hino','Matsuri'),(434,'Hirata','Hiroshi'),(435,'Hitler','Adolf'),(436,'Hoeltgen','Dominique'),(437,'Hoestlandt','Jo'),(438,'Hordé','Pierrick'),(439,'Horowitz','David'),(440,'Horse','Harry'),(441,'Houdé','Olivier'),(442,'Hyvrard','Jeanne'),(443,'Ibbotson','Eva'),(444,'Ichbiah','Daniel'),(445,'Ignatius','David'),(446,'Isaure',''),(447,'Ismaïlov','Hamid'),(448,'Jacamon','Luc'),(449,'Jacq','Christian'),(450,'Jacquard','Albert'),(451,'Jadoul','Emile'),(452,'Jaenada','Philippe'),(453,'Jahan','Eric de'),(454,'Jakubowski','Sébastien'),(455,'James','Bill'),(456,'Jamin','Virginie'),(457,'Jancar','Drago'),(458,'Janikovsky','Eva'),(459,'Jenkinson','Marc'),(460,'Jenner-Metz','Florence'),(461,'Jimenes','Guy'),(462,'Jodidio','Philip'),(463,'Johnson','Pete'),(464,'Johnston','Jennifer'),(465,'Jonas','Anne'),(466,'Jouary','Jean-Paul'),(467,'Joyce','Graham'),(468,'Judenne','Roger'),(469,'Jul',''),(470,'Kagami','Takaya'),(471,'Kageneck','August von'),(472,'Kahn','Michèle'),(473,'Kambouchner','Denis'),(474,'Kampusch','Natascha'),(475,'Karasuyama','Eiji'),(476,'Kasai','Mari'),(477,'Kästner','Erich'),(478,'Kavian','Eva'),(479,'Kawai','Tôko'),(480,'Kemigue','Mohamed'),(481,'Kibayashi','Shin'),(482,'Kibuishi','Kazu'),(483,'Kim','Dong-Hwa'),(484,'Kinsa','Gabriel'),(485,'Kipling','Rudyard'),(486,'Kirschner','Josef'),(487,'Kishimoto','Masashi'),(488,'Kishiro','Yukito'),(489,'Kleist','Reinhard'),(490,'Kobayashi','Takiji'),(491,'Kochka',''),(492,'Krog','Antjie'),(493,'Kromicheff','Pascaline'),(494,'Krugman','Paul'),(495,'Kulin','Ayse'),(496,'La Loggia','Marco'),(497,'Labro','Philippe'),(498,'Lacombe','Benjamin'),(499,'Laforet','Carmen'),(500,'LaFoy','Leslie'),(501,'Lagandré','Cédric'),(502,'Lallemand','Alain'),(503,'Lapierre','Nicole'),(504,'Laporte','Michel'),(505,'Larcenet','Manu'),(506,'Larchet','Jean-Claude'),(507,'Larrouturou','Pierre'),(508,'Lartigue','Miren'),(509,'Laureau-Daull','Elisabeth'),(510,'Laurel',''),(511,'Laurie','Hugh'),(512,'Lavachery','Thomas'),(513,'Lavant','Mathieu'),(514,'Le Borgne','Loïc'),(515,'Le Masne','Christophe'),(516,'Le Nabour','Eric'),(517,'Le Touzé','Anne-Isabelle'),(518,'Lebel','Nicolas'),(519,'Lebourg','Claire'),(520,'Leca','Martine'),(521,'Ledun','Marin'),(522,'Lee','Suzy'),(523,'Legendre-Kvater','Philippe'),(524,'Lejoyeux','Michel'),(525,'Lemoine','Christophe'),(526,'Lemonnier','François'),(527,'Lenain','Thierry'),(528,'Lépine','Estelle'),(529,'Lestrade','Agnès de'),(530,'Lévy','Bernard-Henri'),(531,'Lévy','Marc'),(532,'Lhuillier','Jean-Noël'),(533,'Li-An',''),(534,'Liaudet','Jean-Claude'),(535,'Limb','Sue'),(536,'Lisak','Frédéric'),(537,'Livert','Louise'),(538,'Lloyd','Natalie'),(539,'Loka',''),(540,'London','Jack'),(541,'Long','Guillaume'),(542,'Lopez','Gérard'),(543,'Lorusso','Adriana'),(544,'Lovegrove','James'),(545,'Lowry','Lois'),(546,'Loyer','Anne'),(547,'Lui','Vivian'),(548,'Lully','Jean-Baptiste'),(549,'Lunel','Pierre'),(550,'Maalouf','Ibrahim'),(551,'Mac Garrigle','Kate'),(552,'Mademoiselle Caroline',''),(553,'Magistris','Rosalba de'),(554,'Magnien','Emile'),(555,'Mahjoub','Jamal'),(556,'Maillet','Antonine'),(557,'Major','Lenia'),(558,'Malagoli','Alexandre'),(559,'Mallet','Jean-François'),(560,'Malone','Vincent'),(561,'Manara','Milo'),(562,'Manoukian','Pascal'),(563,'Marc','Myrielle'),(564,'Marchal','Eric'),(565,'Marguerite-Marie Alacoque',''),(566,'Marie','Jean-Jacques'),(567,'Marimbert','Jean-Jacques'),(568,'Martin','Paul'),(569,'Martin','Nathalie'),(570,'MARTINGAY','Claude'),(571,'Masini','Beatrice'),(572,'Maspero','François'),(573,'Massenot','Véronique'),(574,'Mathis','Jean-Marc'),(575,'Mathivet','Eric'),(576,'Matsumoto','Taiyo'),(577,'Mauméjean','Xavier'),(578,'Maury-Kaufmann','Marianne'),(579,'Mazard','Claire'),(580,'McAuley','Paul J.'),(581,'McCammon','Robert R.'),(582,'McCaughrean','Geraldine'),(583,'McGahan','Andrew'),(584,'McGuane','Thomas'),(585,'McInerney','Jay'),(586,'McLuhan','T-C'),(587,'McNaughton','Colin'),(588,'Méliade','Stéphane'),(589,'Meloy','Colin'),(590,'Melquiot','Fabrice'),(591,'Mention','Michaël'),(592,'Mérel','Philippe'),(593,'Mergnac','Marie-Odile'),(594,'Merwan',''),(595,'Messadié','Gerald'),(596,'Mestre-Lafay','Frédérique'),(597,'Metantropo',''),(598,'Mets','Alan'),(599,'Michaud','Yves'),(600,'Mickey Moonlight',''),(601,'Middleton','Charlotte'),(602,'Mig',''),(603,'Millet','Lydia'),(604,'Millet','Fabienne'),(605,'Millot','Bastien'),(606,'Minh Than',''),(607,'Minière','Isabelle'),(608,'Minne',''),(609,'Mir y Llussa','José'),(610,'Mirallès','Ana'),(611,'Mirande','Jacqueline'),(612,'Misslin','Sylvie'),(613,'Mistral','France'),(614,'Mitterrand','Frédéric'),(615,'Miura','Taro'),(616,'Miura','Kentaro'),(617,'Miyazaki','Hayao'),(618,'Mizuki','Shigeru'),(619,'Modéré','Armelle'),(620,'Mofolo','Thomas'),(621,'Moine','Arnaud'),(622,'Möller','Anne'),(623,'Molvaer','Nils Petter'),(624,'Monden','Akiko'),(625,'Mondino','Stéphane'),(626,'Monnier','Jean-Marie'),(627,'Montagnon','Pierre'),(628,'Montardre','Hélène'),(629,'Morais','Gizelda Santana'),(630,'Moreau','Catherine'),(631,'Morgan','Richard K.'),(632,'Morgenstern','Susie'),(633,'Mori','Kaoru'),(634,'Mörike','Eduard'),(635,'Morja',''),(636,'Moro-Buronzo','Alessandra'),(637,'Morpurgo','Michael'),(638,'Morris',''),(639,'Morrison','Toni'),(640,'Morrissey',''),(641,'Motsch','Elisabeth'),(642,'Mourlet','Michel'),(643,'Mourlevat','Jean-Claude'),(644,'Mouton','Antoine'),(645,'Mozart','Wolfgang Amadeus'),(646,'Muller','Christine'),(647,'Mundy','Liza'),(648,'Murail','Marie-Aude'),(649,'Muraro','Roger'),(650,'Muren','Dominic'),(651,'Nadja',''),(652,'Nahon','Daniel B.'),(653,'Nataf','JP.'),(654,'Nesbo','Jo'),(655,'Neufeld','Josh'),(656,'Neumann','Robert'),(657,'N\'Guessan','Marc'),(658,'Nicholls','Stan'),(659,'Nicolas','Henri'),(660,'Nicolas','Adolphe'),(661,'Nilsson','Ulf'),(662,'Nilsson','Christine'),(663,'Ninon',''),(664,'Nocenti','Ann'),(665,'Noël','Marie'),(666,'Noiville','Florence'),(667,'Norac','Carl'),(668,'Nordheim','Sylvie'),(669,'Nothomb','Amélie'),(670,'Nzebi','Tita'),(671,'Oba','Tsugumi'),(672,'O\'Brian','Patrick'),(673,'O\'Connell','Jack'),(674,'Oda','Eiichiro'),(675,'Ohkubo','Atsushi'),(676,'Oima','Yoshitoki'),(677,'Okazaki','Kyoko'),(678,'Oldfield','Jenny'),(679,'Oliver','Jamie'),(680,'Oram','Hiawyn'),(681,'Orion','Rae'),(682,'Orkény','Istvan'),(683,'Oster','Christian'),(684,'Oster','Pierre'),(685,'Otsuichi',''),(686,'Owens','Damien'),(687,'Padovani','Marcelle'),(688,'Paillet','Antoine'),(689,'Palet','Marie de'),(690,'Palluy','Christine'),(691,'Pancrazi','Jean-Noël'),(692,'Pargade','Agnès'),(693,'Pascoe','Chris'),(694,'Pasini','Willy'),(695,'Patterson','James'),(696,'Paul','Jacques'),(697,'Pay','Tanguy'),(698,'Pears','Iain'),(699,'Pearson','Mary E.'),(700,'Pearson','Luke'),(701,'Pécau','Jean-Pierre'),(702,'Pédrola','Adèle'),(703,'Peignen','Judith'),(704,'Pelisse','Laetitia'),(705,'Pelot','Pierre'),(706,'Pépin','Charles'),(707,'Percin','Anne'),(708,'Pernoud','Laurence'),(709,'Perrissin','Christian'),(710,'Perrot','Martyne'),(711,'PESKOV','Vassili'),(712,'Pétillon','René'),(713,'Petit','Xavier-Laurent'),(714,'Petitclerc','Jean-Marie'),(715,'Peultier','Christian'),(716,'Pevel','Pierre'),(717,'Peyo',''),(718,'Peyron','Loïck'),(719,'Pfeiffer','Hans'),(720,'Phillips','Adam'),(721,'Pierron','Jean-Philippe'),(722,'Piettre','Bernard'),(723,'Pigani','Paola'),(724,'Pigois','Melissa'),(725,'Pilc','Jean-Michel'),(726,'Pin','Isabelle'),(727,'Pinsart','Marie-Geneviève'),(728,'Piquemal','Michel'),(729,'Plisson','Philip'),(730,'Plumeri','Arnaud'),(731,'Poe','Edgar Allan'),(732,'Poincelet','Frédéric'),(733,'Poitout','Nathalie'),(734,'Porot','Daniel'),(735,'Pouilloux','Jean-Yves'),(736,'Poussier','Audrey'),(737,'Poussou','Jean-Pierre'),(738,'Powell','Martin'),(739,'Prairat','Eirick'),(740,'Priceman','Marjorie'),(741,'Prinz','Martin'),(742,'Prohom',''),(743,'Prost','Antoine'),(744,'Proust','Marcel'),(745,'Proust de la Gironière','Muriel'),(746,'Puech','Emile'),(747,'Pussey','Gérard'),(748,'Quesnel','Michel'),(749,'Rabagliati','Michel'),(750,'Rabhi','Pierre'),(751,'Rahmaninov','Sergej Vasilevic'),(752,'Raiku','Makoto'),(753,'Raivitz','Guy'),(754,'Ramos','Mario'),(755,'Rankin','Robert'),(756,'Ras','Patrice'),(757,'Rascal',''),(758,'Raufast','Pierre'),(759,'Ravey','Yves'),(760,'Reed','Lou'),(761,'Reeve','Philip'),(762,'Rendu','Jean-Baptiste'),(763,'Ressouni-Demigneux','Karim'),(764,'Revis','Beth'),(765,'Rey','Nicolas'),(766,'Riboulet','Mathieu'),(767,'Rivière','Benoît'),(768,'Robberecht','Thierry'),(769,'Robert','Emmanuelle'),(770,'Roberts','Adam'),(771,'Roberts','Nora'),(772,'Roberts','Moss'),(773,'Robillard','Anne'),(774,'Robillard','Jean-Marie'),(775,'Robin','Titi'),(776,'ROBIN','Christian'),(777,'Roche','Christian'),(778,'Roché','Jean'),(779,'Rod',''),(780,'Rodolphe',''),(781,'Rodrigue','Michel'),(782,'Roederer','Charlotte'),(783,'Roorda van Eysinga','Henri'),(784,'Rose','José'),(785,'Rosencof','Mauricio'),(786,'Rosenstiehl','Agnès'),(787,'Rosinha','Gil'),(788,'Ross','Tony'),(789,'Rother','Anthony'),(790,'Rouer','Béatrice'),(791,'Rougelet','Patrick'),(792,'Rougeul','Françoise'),(793,'Roumiguière','Cécile'),(794,'Rousset','Catherine'),(795,'Roustang','François'),(796,'Roux','Delphine'),(797,'Roux','Mickaël'),(798,'Royer','Anne'),(799,'Royer','Aline'),(800,'Rubinstein','Marianne'),(801,'Ruillier','Jérôme'),(802,'Rushdie','Salman'),(803,'Sa','Shan'),(804,'Sacks','Oliver'),(805,'Sackville-West','Vita'),(806,'Sagan','Françoise'),(807,'Salameh','Adel'),(808,'Salinger','Jerome David'),(809,'Salomé','Jacques'),(810,'Salvy','Gérard-Julien'),(811,'San-Antonio',''),(812,'Sand','George'),(813,'Sanders','Alex'),(814,'Santtana','Lucas'),(815,'Sapkowski','Andrzej'),(816,'Sara',''),(817,'Sarosdy','Anne-Marie von'),(818,'Sasias','Gérard'),(819,'Saubade','Valérie'),(820,'Sautereau','François'),(821,'Sauteron','François'),(822,'Schärer','Kathrin'),(823,'Schirneck','Hubert'),(824,'Schmitt','Eric-Emmanuel'),(825,'Schmitt','Nicolas'),(826,'Schmitzberger','Simone'),(827,'Schneider','Christine'),(828,'Sebag','Alain'),(829,'Sebe','Masayuki'),(830,'Sebold','Alice'),(831,'Ségur','Sophie de'),(832,'Séguy','Fabienne'),(833,'Seiffert','Rachel'),(834,'Seiwert','Lothar'),(835,'Sender','Ramon José'),(836,'Senécal','Patrick'),(837,'Sénéchal','Marilyn'),(838,'Sénégas','Stéphane'),(839,'Serio','Dominique'),(840,'Servant','Stéphane'),(841,'Seurat','Alexandre'),(842,'Seyvos','Florence'),(843,'Sfar','Joann'),(844,'Sfez','Carine'),(845,'Shalev','Zeruya'),(846,'Shannon','David'),(847,'Sheers','Owen'),(848,'Shri Mahesh',''),(849,'Shulevitz','Uri'),(850,'Shyu','Jen'),(851,'Sierra','Judy'),(852,'Siguret','Catherine'),(853,'Silver','Alain'),(854,'Silvestre','Anne-Sophie'),(855,'Simak','Clifford Donald'),(856,'Simpkin','Andrew'),(857,'Siniavski','Emma'),(858,'Six','Jean-François'),(859,'Smadja','Brigitte'),(860,'Smith','Clete Barrett'),(861,'Snicket','Lemony'),(862,'Soares','Aurore'),(863,'Sokal',''),(864,'Solotareff','Grégoire'),(865,'Sparks','Nicholas'),(866,'Spinoza','Baruch'),(867,'Stalner','Eric'),(868,'Stanton','Andy'),(869,'Steig','William'),(870,'Stephenson','Neal'),(871,'Stevens','Dave'),(872,'Stine','R. L.'),(873,'Strauss fils','Johann'),(874,'Strub','Susanne'),(875,'Supiot','Alain'),(876,'Swainston','Steph'),(877,'Swolfs','Yves'),(878,'Szejer','Myriam'),(879,'Tadjo','Véronique'),(880,'Tagore','Rabindranath'),(881,'Takano','Ichigo'),(882,'Takashige','Hiroshi'),(883,'Tamain','Louis'),(884,'Tamarkin','Annette'),(885,'Tanaka','Akio'),(886,'Taniguchi','Jiro'),(887,'Tardio-Brise','Liliane'),(888,'Tarek',''),(889,'Teillac','Martine'),(890,'Teisson','Janine'),(891,'Testa','Gianmaria'),(892,'Teulé','Jean'),(893,'Teyras','Emmanuelle'),(894,'Tezuka','Osamu'),(895,'Thirolle','Jérôme'),(896,'Thomas','Gilles'),(897,'Thomson','Jamie'),(898,'TISSEN','Barbara'),(899,'Titus',''),(900,'Tolstoï','Léon'),(901,'Topol','Jachym'),(902,'Traviss','Karen'),(903,'Treu','Martina'),(904,'Trius','Mireia'),(905,'Trollope','Anthony'),(906,'Tronchet','Didier'),(907,'Tropper','Jonathan'),(908,'Turnage','Mark-Anthony'),(909,'Unger','Lisa'),(910,'Ungerer','Tomi'),(911,'Urberuaga','Emilio'),(912,'Vadot','Odette'),(913,'Vaillant','Maryse'),(914,'Van Genechten','Guido'),(915,'Van Grasdorff','Gilles'),(916,'Van Ruymbeke','Laurence'),(917,'Vanistendael','Judith'),(918,'Vaughan','Elizabeth'),(919,'Velut','Stéphane'),(920,'Verlaine','Paul'),(921,'Verrept','Paul'),(922,'Vicomte','Laurent'),(923,'Villard','Marc'),(924,'Villatte','Thomas'),(925,'Villeneuve','Angélique'),(926,'Vincenot','Henri'),(927,'Vincent','Gabrielle'),(928,'Vindy','Marie'),(929,'Viot','Catherine'),(930,'Vircondelet','Alain'),(931,'Visan','Tancrède de'),(932,'Waechter','Philip'),(933,'Walker','Richard'),(934,'Warnauts','Eric'),(935,'Wein','Elizabeth E.'),(936,'Weiner','Jennifer'),(937,'Westerfeld','Scott'),(938,'Wever','Patrick de'),(939,'Whitley','David'),(940,'Willett','Marcia'),(941,'Williams','Tad'),(942,'Willis','Jeanne'),(943,'Wilson','Henrike'),(944,'Winter','Jeanette'),(945,'Witschger','Anne-Laure'),(946,'Woodward','John'),(947,'Wormell','Christopher'),(948,'Yamada','Keita'),(949,'Yamada','Takatoshi'),(950,'Yamamori','Mika'),(951,'Yann',''),(952,'Yazawa','Ai'),(953,'Yoshida','Reiko'),(954,'Young','Sara'),(955,'Young','Robyn'),(956,'Yu','Soon-Hye'),(957,'Yukimura','Makoto'),(958,'Yumoto','Kazumi'),(959,'Zeniter','Alice'),(960,'Zep',''),(961,'Zullo','Germano'),(962,'Zweig','Stefan');
/*!40000 ALTER TABLE `author` ENABLE KEYS */;
UNLOCK TABLES;

--
-- Table structure for table `book`
--

DROP TABLE IF EXISTS `book`;
/*!40101 SET @saved_cs_client     = @@character_set_client */;
/*!40101 SET character_set_client = utf8 */;
CREATE TABLE `book` (
  `id` int(11) NOT NULL AUTO_INCREMENT,
  `author_id` int(11) NOT NULL,
  `reference` varchar(255) COLLATE utf8mb4_unicode_ci NOT NULL,
  PRIMARY KEY (`id`),
  KEY `IDX_CBE5A331F675F31B` (`author_id`),
  CONSTRAINT `FK_CBE5A331F675F31B` FOREIGN KEY (`author_id`) REFERENCES `author` (`id`)
) ENGINE=InnoDB AUTO_INCREMENT=1246 DEFAULT CHARSET=utf8mb4 COLLATE=utf8mb4_unicode_ci;
/*!40101 SET character_set_client = @saved_cs_client */;

--
-- Dumping data for table `book`
--

LOCK TABLES `book` WRITE;
/*!40000 ALTER TABLE `book` DISABLE KEYS */;
INSERT INTO `book` VALUES (1,4,'nouveaux prolétaires (Les)'),(2,5,'Secondes noces'),(3,6,'Les femmes qui aiment sont dangereuses'),(4,6,'Françoise'),(5,7,'Rendez-vous à Venise'),(6,8,'Nudités'),(7,9,'Oser le conflit pour mieux s\'entendre'),(8,10,'Cousa'),(9,11,'Le vieil homme qui m\'a appris la vie'),(10,12,'La guerre n\'a pas un visage de femme'),(11,13,'Au son des flûtiaux en osier'),(12,14,'Fallait-il sauver les banques ?'),(13,15,'Trouver sa place au travail'),(14,16,'Grosse colère'),(15,17,'La reine des délices'),(16,18,'Les cheveux de la poupée'),(17,19,'L\'Afrique'),(18,20,'Le Zarco'),(19,21,'Celestial'),(20,22,'Amulette'),(21,23,'bouclier du temps (Le)'),(22,24,'Avec papi et mamie'),(23,25,'Un amour impossible'),(24,26,'Mémoires des failles'),(25,27,'Le courage des femmes'),(26,28,'art pour comprendre le monde (L\')'),(27,28,'art pour comprendre le monde (L\')'),(28,29,'Best of Frédéric Anton'),(29,30,'Détails vus au Louvre'),(30,31,'Et la fureur ne s\'est pas encore tue'),(31,32,'Bien jouer au tennis'),(32,33,'L\'orientation'),(33,33,'L\'orientation'),(34,34,'In the name of'),(35,35,'Une âme perdue'),(36,36,'Louise Titi'),(37,37,'Mon histoire'),(38,38,'Ca s\'est passé demain'),(39,39,'Petit éloge de la nuit'),(40,40,'Voyages aux sources de la mode éthique'),(41,41,'Tolo-Tolo'),(42,41,'Tolo-Tolo'),(43,42,'1200 motos de légende'),(44,43,'Profession, pirate !'),(45,44,'royaume des cercueils suspendus (Le)'),(46,45,'Ni vu ni connu je t\'enrhume !'),(47,46,'Histoire secrète du Vatican'),(48,47,'Attention Dieu méchant'),(49,48,'Je suis précoce et mes parents vont bien'),(50,49,'500 bières'),(51,50,'1914, une guerre par accident'),(52,51,'Lady d\'Angerès'),(53,52,'Lettres à mon voisin serbe'),(54,53,'La fin des dinosaures'),(55,54,'Concertos pour violon, volume 2'),(56,55,'Sonates & partitas BWV 1001-1006'),(57,56,'Oeuvres'),(58,57,'Une saison au Japon'),(59,58,'Wander, wonder'),(60,59,'Nouvelles complètes'),(61,59,'Nouvelles complètes'),(62,60,'Repenser la pauvreté'),(63,61,'Un chato en Espagne'),(64,62,'Annie, te souviens-tu'),(65,63,'Exaucez-nous !'),(66,64,'Etre hôtesse de l\'air ou steward'),(67,64,'Etre hôtesse de l\'air ou steward'),(68,64,'Travailler tue en toute impunité...'),(69,65,'été des enfants rois (L\')'),(70,65,'été des enfants rois (L\')'),(71,66,'Moi, l\'enfant autiste'),(72,67,'bombe de Saddam (La)'),(73,68,'Cent poèmes de Charles Baudelaire'),(74,69,'Quel malheur !'),(75,69,'Si j\'y suis'),(76,70,'Jeanne d\'Arc, vérités et légendes'),(77,71,'Les recettes du Petit Nicolas'),(78,72,'Déchronologue (Le)'),(79,73,'Le théorème de Mamadou'),(80,74,'La mer'),(81,75,'J\'ai 30 ans dans mon verre'),(82,75,'Le tombé du jour'),(83,76,'bébé et le jeu (Le)'),(84,77,'Les animaux et le paranormal'),(85,78,'Remember'),(86,79,'Duets II'),(87,80,'Vers le bleu'),(88,81,'L\'algèbre de la mort'),(89,82,'La tenda rouge de Bologne'),(90,83,'livre de l\'hiver (Le)'),(91,83,'Bonne nuit Tommy'),(92,84,'Marie-Lune'),(93,84,'Marie-Lune'),(94,85,'Vieux metiers et pratiques oubliees en Bourgogne, Nivernais-Morvan, autrefois'),(95,86,'Le temps des émeutes'),(96,87,'paceru (Le)'),(97,88,'Des fruits dans mon jardin, et sur mon balcon'),(98,89,'Nichoirs et mangeoires'),(99,89,'Nichoirs et mangeoires'),(100,90,'Au coeur du fondamentalisme'),(101,91,'Georges Méliès, le magicien du cinéma'),(102,92,'histoire des Bénédictins (L\')'),(103,92,'histoire des Bénédictins (L\')'),(104,93,'vie rêvée des autres (La)'),(105,94,'Le gardien des créatures'),(106,95,'Approbaniste (L\')'),(107,96,'What is there what is not'),(108,97,'Limaniya'),(109,98,'Nouveaux chalets de montagne'),(110,99,'Carmen'),(111,100,'Maman, pourquoi tu m\'aimes ?'),(112,100,'Maman, pourquoi tu m\'aimes ?'),(113,101,'Nos âmes seules'),(114,102,'La sagesse de la conteuse'),(115,103,'Un bateau pour demain'),(116,103,'Un bateau pour demain'),(117,104,'La boussole du Club des cinq'),(118,105,'Carnet du soleil'),(119,106,'château des ducs (Le)'),(120,107,'Maléfices'),(121,108,'Conseils d\'un disciple de Morrison à un fanatique de Joyce'),(122,109,'Le testament du dernier parrain'),(123,110,'Où sont passés les princes charmants ?'),(124,111,'L\'inconnu de La Faurie'),(125,112,'Radio Nouba'),(126,112,'Radio Nouba'),(127,113,'Pipi dans l\'herbe'),(128,113,'Pipi dans l\'herbe'),(129,113,'Pipi dans l\'herbe'),(130,113,'Rien faire'),(131,114,'Conduite de projet Web'),(132,115,'disparue de Saint-Sauveur (La)'),(133,116,'Ficciones'),(134,117,'Frère et soeur'),(135,118,'Les pauvres me comblent de leurs richesses'),(136,119,'La bergerie d\'Aiguebelle'),(137,120,'Mystère au Pré-Chabert'),(138,121,'Pelouses et prairies fleuries'),(139,122,'Adobe Photoshop Elements 10'),(140,123,'La ronde des saisons'),(141,124,'La page blanche'),(142,125,'Il était tout froid dans l\'Est'),(143,126,'Chabrol se met à table'),(144,127,'Tintinou paysan'),(145,128,'Les choses que je sais'),(146,128,'Les choses que je sais'),(147,128,'Les choses que je sais'),(148,129,'La renarde'),(149,130,'Sexe, sang et rock n\' roll'),(150,131,'Gauchos de Patagonie'),(151,132,'El Gusto, B.O.F.'),(152,133,'Plaisirs paisibles'),(153,134,'Le doudou de Tiloulou'),(154,134,'Moi j\'adore, maman aussi'),(155,134,'Et puis après, on sera mort'),(156,134,'Et puis après, on sera mort'),(157,134,'Et puis après, on sera mort'),(158,134,'Cher album'),(159,135,'La sécurité dans la maison'),(160,136,'Et des amours desquelles nous parlons'),(161,137,'La montagne effacée'),(162,137,'La montagne effacée'),(163,138,'Le jardin surélevé'),(164,139,'Minusman et Croque-amour'),(165,140,'Yesterday, les Beatles'),(166,141,'Mauvaises influences'),(167,142,'Tableautins'),(168,143,'paradoxe amoureux (Le)'),(169,144,'oeil de l\'espadon (L\')'),(170,145,'Cent ans de chanson francaise'),(171,146,'Cheminer vers l\'éveil'),(172,147,'Tout sur le prépresse avec Acrobat X Pro'),(173,148,'Le collectionneur d\'instants'),(174,149,'Ensorcellement'),(175,149,'Passage'),(176,149,'Héritage'),(177,150,'Je crée avec 3 x rien !'),(178,150,'Je crée avec 3 x rien !'),(179,151,'Le petit bateau de Petit Ours'),(180,152,'chant de l\'enfance (Le)'),(181,153,'Paul Petitgris et sa machine à vapeur'),(182,154,'Champignons des bois et des prés'),(183,154,'Champignons des bois et des prés'),(184,155,'Tchaikovski'),(185,156,'Week-end frisson au lac Crystal !'),(186,157,'chant des sorcières (Le)'),(187,158,'tailleur gris (Le)'),(188,159,'Pourquoi ?'),(189,159,'Pourquoi ?'),(190,159,'Pourquoi ?'),(191,160,'Demeures de l\'esprit'),(192,161,'Le niveau baisse-t-il vraiment ?'),(193,162,'Toutes mes histoires préférées'),(194,163,'Dans la cuisine d\'Amandine'),(195,164,'justice de Kushiel (La)'),(196,165,'Chroniques de la connerie chronique'),(197,166,'La remise'),(198,167,'Goûters rigolos'),(199,168,'Eugénia et la bouche de la vérité'),(200,169,'Tu rentres à la maison'),(201,169,'Tu rentres à la maison'),(202,170,'Marie est partie'),(203,171,'Ron\'s Carter great big band'),(204,172,'Mon frère est un gardien'),(205,172,'Ma soeur est une artiste de guerre'),(206,173,'Secret d\'Anouchka (Le)'),(207,174,'Le dernier homme qui parlait catalan'),(208,175,'Un ramo de rosas'),(209,176,'Jeanne'),(210,177,'Après le silence'),(211,177,'Après le silence'),(212,178,'Nous, Louis, roi'),(213,179,'Trop Pimpon !'),(214,180,'Etonnantes Pyrénées'),(215,181,'Enfin seule'),(216,182,'Demain les rêves'),(217,182,'Demain les rêves'),(218,182,'Demain les rêves'),(219,182,'Demain les rêves'),(220,182,'Demain les rêves'),(221,182,'Demain les rêves'),(222,182,'Demain les rêves'),(223,182,'Demain les rêves'),(224,182,'Demain les rêves'),(225,182,'Demain les rêves'),(226,182,'Demain les rêves'),(227,182,'Demain les rêves'),(228,182,'Demain les rêves'),(229,182,'Demain les rêves'),(230,182,'Demain les rêves'),(231,182,'Demain les rêves'),(232,182,'Demain les rêves'),(233,182,'Demain les rêves'),(234,182,'Demain les rêves'),(235,182,'Demain les rêves'),(236,183,'Lilly Sparrow contre l\'apocalypse'),(237,184,'Cent poèmes d\'Aimé Césaire'),(238,185,'Le porteur de pierres'),(239,185,'Le porteur de pierres'),(240,185,'Le porteur de pierres'),(241,185,'Le porteur de pierres'),(242,185,'Le porteur de pierres'),(243,185,'Le farfadet'),(244,185,'Le porteur de pierres'),(245,185,'Les voyages d\'Ino'),(246,186,'Rodeo junction'),(247,187,'Incroyable corps humain'),(248,188,'Je m\'appelle pas Ben Laden !'),(249,188,'Marathon(s)'),(250,189,'Le Forez de A à Z'),(251,190,'Dictionnaire historique de la Lituanie'),(252,191,'extraordinaires aventures de Tom Scatterhorn (Les)'),(253,192,'Boulettes, croquettes & cromesquis'),(254,193,'Comme Ulysse'),(255,194,'Piège berbère'),(256,195,'Rituels'),(257,196,'Fromages frais maison au lait bio'),(258,197,'Tarantino'),(259,198,'Au pays des vermeilles'),(260,199,'Je déteste Ernesto'),(261,199,'Je déteste Ernesto'),(262,200,'Que du bonheur'),(263,201,'orpheline de Saint-Aubin (L\')'),(264,201,'orpheline de Saint-Aubin (L\')'),(265,202,'Falconer'),(266,203,'L\'hôpital dans la France du XXe siècle'),(267,204,'Beurk, les tomates !'),(268,204,'Beurk, les tomates !'),(269,205,'forêt d\'arbres creux (Une)'),(270,205,'forêt d\'arbres creux (Une)'),(271,206,'Meurtre au champagne'),(272,207,'Attraction mortelle'),(273,208,'Mémoires de guerre'),(274,208,'Mémoires de guerre'),(275,209,'Le pélican d\'or'),(276,210,'Pizza connection'),(277,210,'Nocturnes'),(278,211,'Les âmes grises'),(279,211,'Les âmes grises'),(280,212,'petits points (Les)'),(281,213,'Avant les ténèbres'),(282,214,'Peur noire'),(283,215,'Chorizo'),(284,216,'Dialogue de bêtes'),(285,217,'Tha funk capital of the world'),(286,218,'Pinocchio'),(287,219,'Science-fiction, une littérature du réel'),(288,220,'Selflessness featuring My favorite things'),(289,221,'Coeur des ténèbres'),(290,222,'La tiers-mondialisation de la planète'),(291,223,'Harpe celtique et chants du monde'),(292,224,'Chacun son look'),(293,225,'Comment parler de Vincent Van Gogh aux enfants'),(294,226,'Le Parlement européen'),(295,227,'Les rails rouges'),(296,228,'Email & pub'),(297,229,'Bouche au vent'),(298,230,'Saint Remède'),(299,231,'Photographie contemporaine'),(300,232,'Annie du lac'),(301,232,'Visite de Petite Mort'),(302,233,'Au lit !'),(303,234,'Tu parles, Charles !'),(304,234,'Tu parles, Charles !'),(305,234,'Tu parles, Charles !'),(306,234,'Tu parles, Charles !'),(307,235,'Comprendre le langage du corps en 35 leçons'),(308,236,'La sexualité, que d\'histoires !'),(309,237,'Caché dans la maison des fous'),(310,237,'Octobre noir'),(311,237,'enfant du zoo (L\')'),(312,237,'enfant du zoo (L\')'),(313,237,'enfant du zoo (L\')'),(314,238,'Frère'),(315,239,'Le fils du chevalier Têtenlère'),(316,240,'Bouddha'),(317,241,'Archi pas chère'),(318,241,'Archi pas chère'),(319,242,'Sur les chemins de Colette, en son pays'),(320,243,'Le livre des anges'),(321,244,'Architecture végétale'),(322,245,'L\'enfant cachée'),(323,246,'Kafka aux fourneaux'),(324,247,'réflexe de survie (Le)'),(325,248,'pouvoir (Le)'),(326,248,'nuit (La)'),(327,249,'Retour en Afrique'),(328,249,'Retour en Afrique'),(329,250,'Châteaux de sable'),(330,250,'Châteaux de sable'),(331,250,'Châteaux de sable'),(332,250,'Châteaux de sable'),(333,251,'génie crève l\'écran (Le)'),(334,252,'La rencontre amoureuse'),(335,253,'Le message des enfants vrais'),(336,254,'Dictionnaire amoureux de la Bible'),(337,255,'Géraldine, reine des Albanais'),(338,256,'Inévitable protectionnisme'),(339,257,'Je suis venu tout seul'),(340,257,'Je suis venu tout seul'),(341,258,'Eutopia'),(342,259,'chat qui s\'en va tout seul (Le)'),(343,260,'Psychopathologie du travail'),(344,261,'Un été pour mémoire'),(345,262,'La pluie'),(346,262,'Qui a tué Rouge-Gorge ?'),(347,263,'Chroniques de Jérusalem'),(348,263,'Chroniques de Jérusalem'),(349,264,'Docteur Mengel'),(350,264,'Herr Himmel'),(351,265,'Love letters to the dead'),(352,266,'Le combat de Jodh'),(353,267,'Les Etrusques'),(354,268,'Une affaire de filles'),(355,268,'En route les filles !'),(356,269,'Lycéen résistant'),(357,270,'Ce coeur changeant'),(358,270,'Ce coeur changeant'),(359,271,'En relisant les Evangiles'),(360,272,'La moufle'),(361,273,'Elie et Sam'),(362,274,'Les armes secrètes d\'Hitler'),(363,275,'Livre de Juste (Le)'),(364,276,'testament des couleurs (Le)'),(365,277,'Chacun peut guérir'),(366,278,'torchis, mode d\'emploi (Le)'),(367,279,'Faut-il oublier son passé pour se donner un avenir ?'),(368,280,'Habarena'),(369,281,'Où étiez-vous tous'),(370,281,'Où étiez-vous tous'),(371,282,'Propriétaires, locataires, qui paie quoi ?'),(372,283,'Geneviève Tomate'),(373,283,'Monsieur Kelinto'),(374,283,'Meurtre au Mont-Saint-Michel'),(375,284,'Tahtalli'),(376,285,'La malédiction des vampires'),(377,285,'Un choix tellement humain'),(378,286,'Le souffle de l\'éternité'),(379,287,'Paddy MacPat'),(380,288,'présent infini s\'arrête (Le)'),(381,289,'fenêtre de Diane (La)'),(382,290,'clos des grognards (Le)'),(383,290,'temps d\'orage (Les)'),(384,290,'temps d\'orage (Les)'),(385,290,'clos des grognards (Le)'),(386,291,'Petit manuel de pêche à l\'usage des enfants'),(387,292,'arc-en-ciel des familles (L\')'),(388,293,'Souliax'),(389,293,'Records'),(390,294,'Vivre aujourd\'hui avec Socrate, Epicure, Sénèque et tous les autres'),(391,294,'Les héros de la sagesse'),(392,295,'La fin des colonies françaises'),(393,296,'Chante, Luna'),(394,297,'Epargne retraite, le guide pratique'),(395,298,'capitaine Jules Colette (Le)'),(396,299,'Mes lasagnes'),(397,300,'Femmes 2 dictateur'),(398,301,'Le dossier Robert'),(399,302,'CV, la lettre, l\'e-mail et l\'entretien (Le)'),(400,303,'Où est Pachydou ?'),(401,303,'Poulette coquette'),(402,304,'La maison des orphelins'),(403,305,'L\'histoire de la bande dessinée'),(404,306,'Les caprices du petit prince'),(405,306,'Les caprices du petit prince'),(406,306,'Les caprices du petit prince'),(407,306,'Les caprices du petit prince'),(408,306,'Les caprices du petit prince'),(409,306,'Le marchand de sable'),(410,307,'Le diable'),(411,308,'Pour toujours et à jamais'),(412,309,'Histoire de la laideur'),(413,310,'El Rego'),(414,311,'bac (Le)'),(415,312,'Le petit secret de Gaspard'),(416,313,'Momo'),(417,314,'Collages de serviettes pour le jardin et la maison'),(418,314,'Collages de serviettes pour le jardin et la maison'),(419,314,'Collages de serviettes pour le jardin et la maison'),(420,314,'Collages de serviettes pour le jardin et la maison'),(421,314,'Collages de serviettes pour le jardin et la maison'),(422,315,'Le rire de Milo'),(423,316,'Le chat du radin'),(424,317,'La boîte au trésor'),(425,318,'Le rugby raconté aux enfants'),(426,318,'Le rugby raconté aux enfants'),(427,319,'Mythologie des séries télé'),(428,320,'Le jeu des cent robes'),(429,320,'Le jeu des cent robes'),(430,320,'Le jeu des cent robes'),(431,321,'1915 : la guerre d\'usure'),(432,322,'mort existe-t-elle ? (La)'),(433,323,'101 questions sur l\'industrie du livre'),(434,324,'Lyon rythme les saisons'),(435,325,'Dernières nouvelles de Noela Duarte'),(436,326,'Quoi de neuf, petit homme ?'),(437,327,'Métiers d\'art, l\'excellence française'),(438,328,'Si tu passes en Bourgogne'),(439,329,'Un beau jour pour être riche'),(440,330,'Modèles types de lettres et courriers électroniques'),(441,331,'loups à leur porte (Les)'),(442,332,'Etonnant safari en pop-up'),(443,332,'Etranges dinosaures en pop-up'),(444,333,'Dernière sortie avant l\'autoroute'),(445,334,'Transsibérien'),(446,335,'Combattre l\'illettrisme'),(447,336,'Préludes'),(448,337,'Rue des mensonges'),(449,338,'Encyclopédie de la BD érotique'),(450,339,'Comment parler de Léonard de Vinci aux enfants'),(451,340,'L\'oeuvre dévoilée'),(452,341,'Le président de la République en 30 questions'),(453,342,'Darwin\'s game'),(454,343,'Comme frères'),(455,344,'La conspiration Hadrien'),(456,345,'Fanfare !'),(457,346,'Etre jaloux'),(458,347,'voyage (Le)'),(459,347,'La maison douce'),(460,348,'C\'est pas pareil'),(461,349,'seconde après (Une)'),(462,350,'chant de la dune (Le)'),(463,350,'chant de la dune (Le)'),(464,351,'Calvino-Calvina'),(465,352,'Victor et l\'Ourours'),(466,353,'L\'interprétation des contes de fées'),(467,354,'Un homme à la mer'),(468,355,'Le désert des prophètes'),(469,356,'Basket 2011'),(470,357,'Tintin est-il de gauche ? Astérix est-il de droite ?'),(471,358,'All we are saying...'),(472,359,'Guide culturel du Royaume-Uni'),(473,360,'Etre vétérinaire'),(474,361,'Côte de Nuits au grand jour (La)'),(475,362,'L\'arbre à chatouilles'),(476,363,'Une odeur de soufre'),(477,364,'Jacques et le haricot magique'),(478,365,'La princesse des neiges'),(479,366,'La possession'),(480,367,'Le siège de Bogota'),(481,368,'L\'île du temps perdu'),(482,369,'Quand la vie tutoie la mort'),(483,370,'guerres madrières (Les)'),(484,371,'Dictionnaire mondial de la bande dessinée'),(485,372,'Le vallon des sources'),(486,373,'Je cuisine les plantes sauvages'),(487,374,'Plus de 1000 modèles de lettres et de contrats'),(488,375,'Lum\'en'),(489,376,'Jeanne, la brodeuse au fil d\'or'),(490,377,'Chiens de sang'),(491,378,'Graine de champion'),(492,379,'Lutte et aime, là où tu es !'),(493,380,'Lulu-Grenadine aime trop la télévision'),(494,380,'Lulu-Grenadine aime trop la télévision'),(495,380,'Lulu-Grenadine est mal lunée'),(496,380,'Lulu-Grenadine est mal lunée'),(497,380,'Lulu-Grenadine est mal lunée'),(498,381,'Griffes de glace'),(499,382,'L\'oeil de l\'auberge'),(500,383,'Femmes en résistance'),(501,384,'Le cahier rouge'),(502,384,'Les peurs des enfants'),(503,385,'Les hommes à terre'),(504,386,'Ellen'),(505,387,'La plus belle histoire de la liberté'),(506,388,'Le guide des sportifs en BD'),(507,389,'Bagnards'),(508,390,'C\'est pour moi !'),(509,390,'C\'est pour moi !'),(510,391,'Bienestan'),(511,392,'Crimes sataniques'),(512,393,'Veilleur de nuit et autres récits autobiographiques'),(513,394,'L\'amour me fuit'),(514,395,'An nom de Sa Majesté'),(515,396,'Les borderlines'),(516,397,'Marie Curie, une femme de science'),(517,397,'Marie Curie, une femme de science'),(518,398,'Legendes de la Bresse et de la Dombes, du Bugey et du Pays de Gex'),(519,399,'Je suis faite comme ça'),(520,400,'bons plans de Charlie Jackson pour réussir sans rien faire (Les)'),(521,400,'bons plans de Charlie Jackson pour avoir de super notes (Les)'),(522,400,'bons plans de Charlie Jackson pour survivre en colo d\'été (Les)'),(523,401,'L\'effervescence du vide'),(524,402,'Faut-il tolérer toutes les idées ?'),(525,403,'Se réconcilier avec la mort'),(526,404,'Ce que l\'humanité doit à la femme'),(527,405,'Pour des Casques rouges à l\'ONU'),(528,406,'Savoir tout faire en animation 2D et 3D'),(529,407,'La médiation'),(530,408,'La confusion des valeurs'),(531,409,'Jean-Jacques Rousseau ou La méprise extraordinaire'),(532,410,'Changer d\'air'),(533,411,'Georges et la mort'),(534,412,'Rrakala'),(535,413,'recueil frais et disco (Un)'),(536,414,'Dilemma'),(537,415,'Le taoïsme'),(538,416,'Pénélope s\'habille'),(539,416,'Pénélope s\'habille'),(540,416,'Pénélope s\'habille'),(541,417,'Sarah'),(542,418,'Des poupées et des anges'),(543,419,'Taxi'),(544,420,'Dans la prison'),(545,421,'Il y a quelque chose dans l\'air'),(546,422,'La reine des pirates'),(547,423,'Les chevêches aux yeux d\'or'),(548,424,'Quand on parle du loup'),(549,425,'Lettres à Dolly'),(550,425,'Lettres à Dolly'),(551,425,'Lettres à Dolly'),(552,425,'De l\'autre côté du mur'),(553,425,'Momo, petit prince des bleuets'),(554,426,'Un papa de sang'),(555,427,'Gigi en Egypte'),(556,428,'Judy B.'),(557,429,'Un jour dans la vie d\'un pirate'),(558,430,'On voyage'),(559,430,'On prend des médicaments'),(560,430,'On rêve d\'avoir un chat'),(561,431,'Le petit souci'),(562,431,'Le petit souci'),(563,431,'L\'heure vide'),(564,431,'L\'heure vide'),(565,432,'La vengeance du Petit Chaperon rouge'),(566,432,'La folie de la Petite Sirène'),(567,432,'L\'enlèvement du prince Armand'),(568,433,'Vampire knight'),(569,434,'L\'âme du Kyudo'),(570,435,'Mon combat'),(571,436,'Inde, la révolution par les femmes'),(572,437,'La géante Solitude'),(573,438,'Asthme et allergies pour les nuls'),(574,438,'livre noir des allergies (Le)'),(575,439,'Comment le peuple palestinien fut inventé'),(576,440,'Petit Lapin perdu'),(577,440,'Petit Lapin perdu'),(578,441,'Psychologie de l\'enfant'),(579,442,'Le fichu écarlate'),(580,443,'étang aux libellules (L\')'),(581,444,'Les 4 vies de Steve Jobs'),(582,445,'Exfiltration'),(583,446,'Mémoires d\'une femme de ménage'),(584,447,'Contes du chemin de fer'),(585,448,'Le coeur à l\'ouvrage'),(586,449,'Champollion l\'Egyptien'),(587,450,'ABC d\'Albert Jacquard pour changer le monde (L\')'),(588,451,'Bonne nuit, ma cocotte'),(589,452,'petite femelle (La)'),(590,453,'Tristan et Iseult'),(591,454,'Etre militaire dans l\'armée de terre'),(592,454,'Etre militaire dans l\'armée de terre'),(593,455,'Protection'),(594,456,'Dans les yeux d\'Henriette'),(595,457,'Katarina, le paon et le jésuite'),(596,458,'Incroyable mais vrai'),(597,459,'Cours de portrait photographique'),(598,460,'Lili la libellule'),(599,461,'La machine à voler les coeurs'),(600,462,'Wood architecture now !'),(601,463,'Comment éduquer ses parents'),(602,464,'Un Noël en famille'),(603,465,'Le maître des horloges'),(604,466,'Rousseau, citoyen du futur'),(605,467,'La fée des dents'),(606,467,'En attendant l\'orage'),(607,467,'Requiem'),(608,468,'Louison la douce'),(609,469,'planète des sages (La)'),(610,470,'Seraph of the end'),(611,471,'La France occupée'),(612,472,'Justice pour le capitaine Dreyfus !'),(613,473,'L\'école, le numérique et la société qui vient'),(614,474,'3.096 jours'),(615,475,'Lesson of the evil'),(616,475,'Lesson of the Evil'),(617,476,'Grand Ours est timide'),(618,476,'Grand Ours est timide'),(619,476,'Grand Ours est fâché'),(620,477,'Emile et les détectives'),(621,478,'Premier chagrin'),(622,479,'Caffe latte rhapsody'),(623,480,'Moi, Mohamed, esclave moderne'),(624,481,'gouttes de Dieu (Les)'),(625,482,'Le dernier conseil'),(626,483,'La mal aimée'),(627,484,'mystère de Zala Zoba (Le)'),(628,484,'mystère de Zala Zoba (Le)'),(629,484,'mystère de Zala Zoba (Le)'),(630,485,'Simples contes des collines'),(631,486,'L\'art d\'être égoïste'),(632,487,'Naruto'),(633,487,'Naruto'),(634,488,'Gunnm last order'),(635,488,'Gunnm last order'),(636,489,'Castro'),(637,490,'Le bateau-usine'),(638,491,'Le doudou perdu d\'Océane'),(639,491,'Le doudou perdu d\'Océane'),(640,491,'Quand j\'aurai mon chien'),(641,491,'Des grands-parents magiques'),(642,492,'La douleur des mots'),(643,493,'Abécédaire amoureux de Châtillon-sur-Seine'),(644,494,'Pourquoi les crises reviennent toujours'),(645,495,'Dernier train pour Istanbul'),(646,496,'Sacrés thérapeutes, les Pères du désert !'),(647,497,'Des Cornichons au chocolat'),(648,498,'herbier des fées (L\')'),(649,499,'Une nouvelle femme'),(650,500,'Le mystère d\'Alexandra'),(651,501,'société intégrale (La)'),(652,502,'Journalisme narratif en pratique'),(653,503,'Sauve qui peut la vie'),(654,504,'Fée-de-la-lune'),(655,505,'La ligne de front'),(656,506,'Théologie du corps'),(657,507,'Pour éviter le krach ultime'),(658,508,'Créer et gérer une association'),(659,509,'Sommes-nous vraiment libres ?'),(660,510,'seigneur des animaux (Le)'),(661,511,'Tout est sous contrôle'),(662,512,'Bjorn le Morphir'),(663,513,'20 exercices pour apprivoiser Picasa'),(664,514,'Il'),(665,515,'secret (Le)'),(666,515,'secret (Le)'),(667,516,'Les ombres de Kervadec'),(668,517,'vaches de Noël (Les)'),(669,518,'Sans pitié ni remords'),(670,519,'Une journée avec Mousse'),(671,520,'Médecin rural du centre de la France'),(672,521,'Marketing viral'),(673,522,'Miroir-miroir'),(674,523,'J\'apprends à dessiner la vie quotidienne'),(675,524,'Les secrets de nos comportements'),(676,525,'La guerre des boutons'),(677,526,'En boule'),(678,527,'Père Noël mes fesses !'),(679,528,'E comme émotion'),(680,529,'Les baisers de Cornélius'),(681,530,'Récidives'),(682,531,'premier jour (Le)'),(683,532,'Libres de penser et d\'agir'),(684,533,'L\'ange tombé du ciel'),(685,534,'La névrose française'),(686,535,'Un chat à tout prix'),(687,535,'Bande à part'),(688,535,'Joyeuse Saint-Valentin !'),(689,535,'Bon anniversaire !'),(690,536,'Traces et empreintes'),(691,536,'Traces et empreintes'),(692,537,'Annie Girardot, la dame de coeur'),(693,538,'mots bleus de Félicie (Les)'),(694,539,'Passing place'),(695,540,'Romans, récits, nouvelles du Grand Nord'),(696,541,'A boire et à manger'),(697,542,'Comment ne plus être victime'),(698,543,'L\'exilé de Ta-Shima'),(699,543,'Ta-Shima'),(700,544,'Royaume-Désuni'),(701,545,'Les mémoires d\'un chien'),(702,546,'phare mystérieux (Le)'),(703,547,'Pasta gusto'),(704,548,'Atys'),(705,549,'Il nous a tant aimés'),(706,550,'Diagnostic'),(707,551,'vache qui pleure (La)'),(708,552,'Enceinte !'),(709,553,'Chaussons croustillants et fondants'),(710,554,'Vie de Pierre Paul Prud\'hon, enfant de Cluny, peintre bourguigon (La)'),(711,555,'navigation du faiseur de pluie (La)'),(712,556,'Les Cordes-de-Bois'),(713,557,'La cuisine des héros'),(714,557,'La cuisine des héroïnes'),(715,558,'La septième étoile'),(716,558,'L\'heure du dragon'),(717,559,'Fromage au four, fondues & Cie'),(718,560,'milliards de dollars de Léon Robillard (Les)'),(719,561,'Giuseppe Bergman'),(720,561,'Giuseppe Bergman'),(721,562,'échoués (Les)'),(722,563,'Natalène'),(723,564,'Les ombres du ciel'),(724,565,'A lécole du Coeur de Jésus avec sainte Marguerite-Marie'),(725,566,'Le fils oublié de Trotsky'),(726,567,'Les ailes de Camille'),(727,567,'Les ailes de Camille'),(728,567,'Les ailes de Camille'),(729,567,'Les ailes de Camille'),(730,567,'Les ailes de Camille'),(731,568,'Chaud devant !'),(732,568,'Chic, c\'est toxique !'),(733,569,'Dictionnaire insolite de la Chine'),(734,570,'mendiant (Le)'),(735,571,'Mon petit frère de l\'ombre'),(736,572,'Les abeilles & la guêpe'),(737,573,'L\'ogre de Silensonge'),(738,574,'chasse aux papas (La)'),(739,575,'Dis pourquoi le cochon a la queue en tire-bouchon ?'),(740,576,'Sunny'),(741,577,'Kafka à Paris'),(742,578,'Gloria cherche l\'équilibre'),(743,579,'espion du mercredi (L\')'),(744,579,'espion du mercredi (L\')'),(745,579,'espion du mercredi (L\')'),(746,580,'Cowboy angels'),(747,581,'Le procès de la sorcière'),(748,581,'Le visage du mal'),(749,582,'L\'horloge de grand-mère'),(750,583,'Australia underground'),(751,584,'Embuscade pour un piano'),(752,585,'Moi tout craché'),(753,586,'Pieds nus sur la terre sacrée'),(754,587,'Un jour d\'école ordinaire'),(755,588,'Ma soeur en noir et blanc'),(756,589,'Imperium'),(757,590,'Guitou'),(758,591,'carnaval des hyènes (Le)'),(759,592,'Papillotes salées et sucrées'),(760,593,'Les Noëls de nos régions'),(761,594,'Désordre'),(762,595,'Les années d\'argent'),(763,595,'Les années de fer'),(764,596,'L\'Organisation des Nations unies'),(765,597,'Piège à Venise'),(766,598,'Mes lunettes de rêve'),(767,599,'Qu\'est-ce que le mérite ?'),(768,600,'And time axis manipulation corporation'),(769,601,'La dent d\'Adèle'),(770,602,'refuge de mémé (Le)'),(771,603,'Le coeur est un noyau candide'),(772,604,'grand guide des huiles essentielles (Le)'),(773,605,'Politiques, pourquoi la com les tue'),(774,606,'Contes et récits vietnamiens'),(775,606,'Contes et récits vietnamiens'),(776,607,'Maison buissonnière'),(777,608,'J\'aime...'),(778,609,'Missa a 8 en ré majeur'),(779,610,'Waluk'),(780,611,'La croisade inachevée'),(781,612,'Le vrai-faux portrait officiel du Père Noël'),(782,613,'Moi, gourmande ?'),(783,613,'Moi, gourmande ?'),(784,613,'Moi, gourmande ?'),(785,614,'Le désir et la chance'),(786,615,'Je suis...'),(787,616,'Gigantomachia'),(788,617,'Nausicaä de la vallée du vent'),(789,618,'Opération Mort'),(790,618,'NonNonBâ'),(791,619,'La sieste'),(792,619,'La sieste'),(793,619,'Rien qu\'une petite grippe !'),(794,620,'L\'homme qui marchait vers le soleil levant'),(795,621,'Lucie et les lucioles'),(796,622,'10 feuilles volantes'),(797,623,'Baboon moon'),(798,624,'Professeur Eiji'),(799,625,'St. Lazare'),(800,626,'Parlons impôts en 30 questions'),(801,627,'La bataille de Stalingrad'),(802,628,'Les dinosaures'),(803,629,'Réveillez les tambours'),(804,630,'La ballade de papa'),(805,631,'Carbone modifié'),(806,631,'Anges déchus'),(807,631,'Black man'),(808,632,'Emma et le cadeau de Noël'),(809,632,'Joker'),(810,632,'Les deux moitiés de l\'amitié'),(811,632,'L\'autographe'),(812,633,'Bride stories'),(813,634,'A minuit'),(814,635,'Yôkai di yôkai da'),(815,636,'Ces aliments qui guérissent'),(816,637,'Qui se cache derrière la reine noire ?'),(817,637,'Qui se cache derrière la reine noire ?'),(818,637,'Soldat Peaceful'),(819,637,'Cool !'),(820,638,'Klondike (Le)'),(821,639,'Délivrances'),(822,640,'You are the quarry'),(823,641,'prince qui voulait voir le monde (Le)'),(824,642,'Les maux de la langue'),(825,643,'Le jeune loup qui n\'avait pas de nom'),(826,643,'Le jeune loup qui n\'avait pas de nom'),(827,643,'trois caramels capitaux (Les)'),(828,644,'metteur en scène polonais (Le)'),(829,645,'Don Giovanni'),(830,645,'Le nozze di Figaro'),(831,646,'Un escarpin de soie bleue'),(832,647,'Michelle Obama, first lady'),(833,648,'Dinky rouge sang'),(834,649,'Reflets'),(835,650,'Ecocitoyen, oui, mais'),(836,651,'L\'amour c\'est fou'),(837,651,'La baguette qui marchait pas'),(838,652,'Sauvons l\'agriculture !'),(839,653,'Plus de sucre'),(840,654,'La poudre à prout du professeur Séraphin'),(841,654,'baignoire à remonter le temps (La)'),(842,655,'La Nouvelle-Orléans après le déluge'),(843,656,'Les enfants de Vienne'),(844,657,'Le bureau des rumeurs'),(845,658,'Le zénith du Vif-argent'),(846,658,'Le crépuscule du Vif-argent'),(847,658,'L\'éveil du Vif-argent'),(848,659,'Fifre vert (Le)'),(849,660,'2050, rendez-vous à risques'),(850,661,'Le jour où nous étions seuls au monde'),(851,661,'Le jour où nous étions seuls au monde'),(852,662,'Vietnam dream'),(853,663,'Bon pour le coiffeur'),(854,663,'Bon pour le coiffeur'),(855,664,'Course de haut vol'),(856,665,'Notes intimes'),(857,666,'J\'ai fait HEC et je m\'en excuse'),(858,667,'Inuk est amoureux'),(859,668,'Promesse perdue'),(860,669,'Biographie de la faim'),(861,670,'Métiani'),(862,671,'Bakuman'),(863,672,'Les aventures de Jack Aubrey'),(864,673,'Dans les limbes'),(865,673,'BP 9'),(866,673,'Porno palace'),(867,674,'One Piece'),(868,674,'One Piece'),(869,674,'La légende est en marche'),(870,675,'Soul eater'),(871,676,'A silent voice'),(872,677,'Pink'),(873,678,'Lady Blue'),(874,679,'Pasta'),(875,680,'Blaireau a des soucis'),(876,680,'Blaireau a des soucis'),(877,680,'Blaireau a des soucis'),(878,681,'L\'astrologie pour les nuls'),(879,682,'Les boîtes'),(880,683,'coeur du problème (Le)'),(881,684,'Pratique de l\'éloge'),(882,685,'Rendez-vous dans le noir'),(883,686,'Cruautés conjugales'),(884,687,'Mafia, mafias'),(885,688,'Le bocage bourbonnais'),(886,689,'Céline, une vie toute simple'),(887,690,'Il était une fois le Père Noël'),(888,690,'énigme du flan empoisonné (L\')'),(889,691,'Corse'),(890,692,'Pourquoi consulter un pédopsychiatre ?'),(891,693,'Le journal de monsieur Chatastrophe'),(892,694,'Intimité retrouvée (L\')'),(893,695,'On t\'aura prévenue'),(894,696,'Le beau livre de l\'Univers'),(895,697,'petites perles d\'Amandine (Les )'),(896,698,'La chute de John Stone'),(897,699,'Jenna Fox, pour toujours'),(898,699,'L\'héritage Jenna Fox'),(899,700,'Hilda et le géant de la nuit'),(900,701,'La guerre inconnue'),(901,702,'Manuel de survie dans la jungle du bio'),(902,703,'Vive la liberté !'),(903,704,'fables de La Fontaine pour réfléchir (Les)'),(904,705,'Konnar le Barbant'),(905,705,'Orages mécaniques'),(906,706,'Un homme libre peut-il croire en Dieu ?'),(907,707,'Bonheur fantôme'),(908,708,'J\'attends un enfant'),(909,709,'Les passes de l\'Hindou Kouch'),(910,710,'Faire ses courses'),(911,711,'Ermites dans la taïga'),(912,712,'Triple embrouille pour Jack Palmer'),(913,713,'Le col des Mille Larmes'),(914,714,'Pourquoi je suis devenu prêtre et éducateur'),(915,715,'bois sacré (Le)'),(916,716,'enchantements d\'Ambremer (Les)'),(917,716,'élixir d\'oubli (L\')'),(918,716,'royaume immobile (Le)'),(919,717,'Schtroumpfs font du sport (Les)'),(920,718,'Pirates de légende'),(921,719,'légistes enquêtent (Les)'),(922,720,'Trois capacités négatives'),(923,721,'Faut-il donner un sens à la vie ?'),(924,722,'Peut-on être à la fois lucide et heureux ?'),(925,723,'Venus d\'ailleurs'),(926,723,'Venus d\'ailleurs'),(927,724,'Une vie merveilleuse'),(928,725,'Threedom'),(929,726,'Un petit trou de rien du tout'),(930,727,'La bioéthique'),(931,728,'Le rire de Jiha'),(932,729,'La mer'),(933,730,'Les dinosaures en bande dessinée'),(934,731,'Nouvelles histoires extraordinaires'),(935,732,'Le château des ruisseaux'),(936,733,'Avec lui'),(937,734,'Aidez votre recruteur à vous embaucher en temps de crise'),(938,735,'Fictions de Jorge Luis Borges'),(939,736,'Guili guili'),(940,736,'Le plus beau'),(941,737,'Lumières sur le Médoc'),(942,738,'Le Petit Chaperon rouge en Transylvanie'),(943,739,'La sanction en éducation'),(944,740,'La princesse qui détestait les légumes'),(945,741,'envolée belle (L\')'),(946,742,'Peu importe'),(947,743,'Petite histoire de la France au 20e siècle'),(948,744,'La madeleine de Proust'),(949,745,'L\'informatique au village'),(950,746,'Les manuscrits de la mer Morte'),(951,747,'Nous deux, rue Bleue'),(952,747,'Nous deux, rue Bleue'),(953,747,'Nous deux, rue Bleue'),(954,747,'Nous deux, rue Bleue'),(955,748,'L\'histoire des Evangiles'),(956,749,'Paul au parc'),(957,750,'Eloge du génie créateur de la société civile'),(958,750,'Eloge du génie créateur de la société civile'),(959,751,'Rachmaninov'),(960,752,'Animal kingdom'),(961,753,'Back yard'),(962,754,'Arrête de faire le singe !'),(963,755,'Le livre des vérités ultimes'),(964,755,'(Il était une fois) l\'homme le plus mieux de tous les temps'),(965,755,'Les aventuriers du parking perdu'),(966,756,'grand livre du CV (Le)'),(967,757,'En 2000 trop loin'),(968,758,'variante chilienne (La)'),(969,759,'Sans état d\'âme'),(970,759,'Cutter'),(971,760,'Bataclan \'72 (Le)'),(972,761,'Astra et les gâteaux de l\'espace'),(973,762,'Tout ce que vous avez toujours voulu savoir sur la démocratie'),(974,763,'Ce matin, mon grand-père est mort'),(975,763,'Ce matin, mon grand-père est mort'),(976,764,'Au-delà des étoiles'),(977,765,'Courir à trente ans'),(978,766,'Entre les deux il n\'y a rien'),(979,767,'Soyez le sel de la terre'),(980,768,'Mon père Noël à moi !'),(981,769,'C\'est pas moi !'),(982,770,'Gradisil'),(983,771,'Scandale du crime'),(984,770,'Bingo le Posstit'),(985,770,'Va Dinci coddah'),(986,772,'13 contes de Chine'),(987,771,'Secrets de famille'),(988,773,'Mirages'),(989,774,'voyage de petit nuage (Le)'),(990,775,'Les rives'),(991,776,'Le livre et l\'édition'),(992,777,'Faut-il avoir peur de la mort ?'),(993,778,'Oiseaux des rivières et des étangs'),(994,778,'Oiseaux des rivières et des étangs'),(995,779,'Richard et William sauvent le monde'),(996,780,'Nucléon 58'),(997,781,'L\'antre des pouvoirs'),(998,782,'Chloé et Félix font la fête'),(999,783,'Le pédagogue n\'aime pas les enfants'),(1000,784,'Qu\'est-ce que le travail non qualifié ?'),(1001,785,'Les lettres qui ne sont jamais arrivées'),(1002,786,'Francais en liberte (Le)'),(1003,787,'Des gars dans la cuisine'),(1004,788,'C\'est parce que ?'),(1005,789,'Fuse presents Anthony Rother'),(1006,790,'Pot de colle !'),(1007,791,'Les carnets noirs de la République'),(1008,792,'J\'aide mon ado à grandir'),(1009,793,'L\'école du désert'),(1010,794,'Objets de la ferme'),(1011,795,'Feuilles oubliées, feuilles retrouvées'),(1012,796,'Kokoro'),(1013,797,'Les pirates'),(1014,798,'Les dieux de l\'Olympe'),(1015,799,'Le Conseil de l\'Europe'),(1016,800,'C\'est maintenant du passé'),(1017,801,'Nina la tortue'),(1018,802,'Les versets sataniques'),(1019,803,'Impératrice'),(1020,803,'Impératrice'),(1021,804,'L\'oeil de l\'esprit'),(1022,805,'Paola'),(1023,806,'Toxique'),(1024,807,'Awda'),(1025,808,'Dressez haut la poutre maîtresse, charpentiers'),(1026,809,'Je viens de toutes mes enfances'),(1027,810,'Cent énigmes de la peinture'),(1028,811,'Chauds, les lapins !'),(1029,812,'Le chêne parlant'),(1030,812,'La mare au diable'),(1031,813,'Et toi ?'),(1032,814,'Sem nostalgia'),(1033,815,'L\'épée de la providence'),(1034,815,'Le sang des elfes'),(1035,815,'dernier voeu (Le)'),(1036,815,'Le temps du mépris'),(1037,816,'Soeur Emmanuelle, mon amie, ma mère'),(1038,817,'Home sweet home'),(1039,818,'Bien choisir et cultiver ses légumes bio'),(1040,819,'Marche arrière'),(1041,820,'kilos en trop (Les)'),(1042,820,'cahier jaune (Le)'),(1043,821,'La chute de l\'empire Kodak'),(1044,822,'Bonne nuit, Monsieur Renard !'),(1045,822,'Chamailles'),(1046,823,'C\'est quoi, dis, un rêve ?'),(1047,823,'C\'est quoi, dis, un rêve ?'),(1048,824,'nuit de feu (La)'),(1049,825,'Sourires et bonheurs des quatre coins du monde'),(1050,826,'La neige fond sur ton coeur'),(1051,827,'Mange, mon ange !'),(1052,827,'Je m\'ennuie !'),(1053,828,'Le jardin de Sépiraho'),(1054,829,'Méli-mélo de dinos'),(1055,830,'La nostalgie de l\'ange'),(1056,830,'La nostalgie de l\'ange'),(1057,831,'Mémoires d\'un âne'),(1058,831,'Les vacances'),(1059,831,'Un bon petit diable'),(1060,832,'Alex et Zoé'),(1061,833,'Lendemains de guerre'),(1062,834,'1 heure pour mieux se connaître et améliorer son efficacité'),(1063,835,'roi et la reine (Le)'),(1064,836,'Sur le seuil'),(1065,837,'Balade en Val lamartinien'),(1066,837,'Balade en Val lamartinien'),(1067,838,'guerre des poules (La)'),(1068,839,'Indépendant auto-entrepreneur'),(1069,840,'Comme en hiver'),(1070,841,'maladroite (La)'),(1071,841,'maladroite (La)'),(1072,842,'erreur de Pascal (L\')'),(1073,842,'Voleuse de peluche'),(1074,843,'Trapèze volant !'),(1075,844,'Créer son entreprise 2010'),(1076,845,'Un petit garçon idéal'),(1077,846,'Après la pluie'),(1078,847,'J\'ai vu un homme'),(1079,848,'yoga de la longévité (Le)'),(1080,849,'Le trésor'),(1081,850,'Synastry'),(1082,851,'Les vingt contes les plus drôles du monde'),(1083,852,'L\'amour en miettes'),(1084,853,'Film noir'),(1085,854,'masque (Le)'),(1086,854,'tsarine (La)'),(1087,854,'La forteresse'),(1088,854,'vampire de Castille (Le)'),(1089,855,'Voisins d\'ailleurs'),(1090,856,'Closed for business'),(1091,857,'La vie expliquée à mon père'),(1092,858,'Charles de Foucauld autrement'),(1093,859,'Il faut sauver Saïd'),(1094,859,'Il faut sauver Saïd'),(1095,859,'Il faut sauver Saïd'),(1096,860,'Aliens en folie'),(1097,861,'Panique à la clinique'),(1098,862,'Tout ce que vous avez toujours voulu savoir sur le nucléaire'),(1099,863,'L\'ombre de l\'aigle'),(1100,864,'Loulou'),(1101,865,'Un choix'),(1102,866,'A propos de Dieu'),(1103,867,'Contact'),(1104,868,'L\'abominable monsieur Schnock'),(1105,869,'Sylvestre et le caillou magique'),(1106,870,'Snow crash'),(1107,871,'Rocketeer'),(1108,872,'bête de la cave (La)'),(1109,872,'fièvre de la pleine lune (La)'),(1110,872,'peau du loup-garou (La)'),(1111,872,'Cauchemars en série'),(1112,872,'maison des morts (La)'),(1113,872,'fantôme du miroir (Le)'),(1114,872,'Mort de peur'),(1115,872,'film d\'horreur (Le)'),(1116,872,'colère de la momie (La)'),(1117,872,'Terrible internat'),(1118,872,'Kidnappés dans l\'espace'),(1119,872,'vacances de l\'angoisse (Les)'),(1120,872,'Jeux de monstres'),(1121,873,'La chauve-souris'),(1122,874,'Les questions de Lili'),(1123,874,'Les questions de Lili'),(1124,875,'Le droit du travail'),(1125,876,'L\'année de notre guerre'),(1126,877,'Les forêts profondes'),(1127,877,'Le maître des songes'),(1128,877,'Hauteterres'),(1129,878,'Si les bébés pouvaient parler...'),(1130,879,'Royaume aveugle (Le)'),(1131,879,'Si j\'étais roi... si j\'étais reine...'),(1132,880,'Maison et le monde (La)'),(1133,881,'Orange'),(1134,882,'Rencontre'),(1135,883,'Le temps de l\'école'),(1136,883,'Le renard'),(1137,883,'L\'énigme de Fontary'),(1138,884,'Des mots & des tableaux'),(1139,885,'Glaucos'),(1140,885,'Glaucos'),(1141,886,'Quartier lointain'),(1142,887,'Argile au tour'),(1143,887,'Argile au tour'),(1144,887,'Argile au tour'),(1145,887,'Argile au tour'),(1146,888,'Rufus le loup'),(1147,888,'Rufus le loup'),(1148,889,'Vaincre sa culpabilité'),(1149,890,'La photo qui sauve'),(1150,890,'La photo qui sauve'),(1151,890,'La photo qui sauve'),(1152,890,'La photo qui sauve'),(1153,890,'La photo qui sauve'),(1154,891,'Vitamia'),(1155,892,'Balade pour un père oublié'),(1156,893,'Ce que fait toujours le vrai Père Noël'),(1157,894,'Princesse Saphir'),(1158,894,'Histoires pour tous'),(1159,894,'Demain les oiseaux'),(1160,894,'Les enfants de saphir'),(1161,894,'Le chant d\'Apollon'),(1162,895,'Les doigts d\'or d\'Elise'),(1163,896,'La terre sauvage'),(1164,896,'Dans les mondes barbares'),(1165,897,'Dark Lord un démon au collège'),(1166,898,'Casse-tete et autres jeux a construire'),(1167,899,'Moi, je boude'),(1168,900,'Le faux coupon'),(1169,901,'Zone cirque'),(1170,902,'La cité de perle'),(1171,902,'Le monde d\'avant'),(1172,902,'Transgression'),(1173,903,'La mythologie'),(1174,904,'Je mesure tout'),(1175,905,'Miss Mackenzie'),(1176,906,'Jean-Claude Tergal découvre les mystères du sexe'),(1177,907,'C\'est ici que l\'on se quitte'),(1178,908,'Anna Nicole, opéra'),(1179,909,'Mémoire trouble'),(1180,910,'Ogres, brigands et compagnie'),(1181,911,'Tous des animaux !'),(1182,912,'Théo l\'pêcheux'),(1183,912,'Braconnier au coeur du Morvan'),(1184,912,'Braconnier au coeur du Morvan'),(1185,913,'Les hommes, l\'amour, la fidélité'),(1186,914,'Les fantômes, ça existe, ou pas ?'),(1187,915,'L\'histoire secrète des dalaï-lamas'),(1188,916,'L\'école des lutins'),(1189,917,'David, les femmes et la mort'),(1190,918,'Captive'),(1191,918,'Vengeance'),(1192,919,'Cadence'),(1193,920,'Cent poèmes de Paul Verlaine'),(1194,921,'Tu me manques'),(1195,921,'Tu me manques'),(1196,922,'La fausse note'),(1197,923,'Rouge est ma couleur'),(1198,924,'Totem'),(1199,925,'A la recherche du paon perdu'),(1200,926,'livres de la Bourgogne (Les)'),(1201,927,'La petite marionnette'),(1202,927,'Ernest et Célestine au cirque'),(1203,927,'Ernest et Célestine au musée'),(1204,927,'jour, un chien (Un)'),(1205,928,'Chiennes'),(1206,928,'Chiennes'),(1207,929,'Remettre le travail à sa [juste] place'),(1208,930,'La traversée'),(1209,931,'Le Guignol lyonnais'),(1210,932,'A deux, c\'est tellement mieux !'),(1211,933,'Oh ! Les animaux'),(1212,934,'Entre chien et loup'),(1213,935,'Rose sous les bombes'),(1214,936,'La fille de sa mère'),(1215,937,'Code cool'),(1216,938,'Carnets de curiosités d\'un géologue'),(1217,939,'Le pacte de minuit'),(1218,939,'Les secrets du monde perdu'),(1219,940,'Meurtres entre soeurs'),(1220,941,'pierre de l\'adieu (La)'),(1221,941,'maison de l\'ancêtre (La)'),(1222,942,'N\'aie pas peur !'),(1223,942,'N\'aie pas peur !'),(1224,942,'N\'aie pas peur !'),(1225,943,'C\'est toujours moi ! dit Petit Lion'),(1226,944,'Les couleurs de la pluie'),(1227,945,'Sucré à salé'),(1228,946,'Oh ! La Terre'),(1229,947,'Attention, bêtes féroces !'),(1230,948,'Mon chien et moi'),(1231,949,'Dr Kotô'),(1232,950,'Daytime shooting star'),(1233,950,'Daytime shooting star'),(1234,951,'Valentine'),(1235,952,'Nana'),(1236,953,'Tokyo mew mew'),(1237,954,'Dans le berceau de l\'ennemi'),(1238,955,'Requiem'),(1239,956,'grandes merveilles du monde (Les)'),(1240,957,'Vinland saga'),(1241,958,'Les amis'),(1242,959,'Juste avant l\'oubli'),(1243,960,'Les Chronokids'),(1244,961,'La java bleue'),(1245,962,'soupçon légitime (Un)');
/*!40000 ALTER TABLE `book` ENABLE KEYS */;
UNLOCK TABLES;

--
-- Table structure for table `book_category`
--

DROP TABLE IF EXISTS `book_category`;
/*!40101 SET @saved_cs_client     = @@character_set_client */;
/*!40101 SET character_set_client = utf8 */;
CREATE TABLE `book_category` (
  `book_id` int(11) NOT NULL,
  `category_id` int(11) NOT NULL,
  PRIMARY KEY (`book_id`,`category_id`),
  KEY `IDX_1FB30F9816A2B381` (`book_id`),
  KEY `IDX_1FB30F9812469DE2` (`category_id`),
  CONSTRAINT `FK_1FB30F9812469DE2` FOREIGN KEY (`category_id`) REFERENCES `category` (`id`) ON DELETE CASCADE,
  CONSTRAINT `FK_1FB30F9816A2B381` FOREIGN KEY (`book_id`) REFERENCES `book` (`id`) ON DELETE CASCADE
) ENGINE=InnoDB DEFAULT CHARSET=utf8mb4 COLLATE=utf8mb4_unicode_ci;
/*!40101 SET character_set_client = @saved_cs_client */;

--
-- Dumping data for table `book_category`
--

LOCK TABLES `book_category` WRITE;
/*!40000 ALTER TABLE `book_category` DISABLE KEYS */;
INSERT INTO `book_category` VALUES (1,1),(1,2),(2,1),(3,1),(4,1),(5,1),(6,1),(7,1),(8,2),(9,1),(10,1),(11,1),(12,1),(13,1),(14,2),(15,1),(16,2),(17,1),(18,1),(19,3),(20,3),(21,1),(22,2),(23,1),(24,1),(25,1),(26,2),(27,2),(28,1),(29,1),(30,1),(31,1),(32,2),(33,2),(34,1),(35,1),(36,2),(37,2),(38,2),(39,1),(40,1),(41,2),(42,2),(43,1),(44,2),(45,2),(46,1),(47,1),(48,1),(49,1),(50,1),(51,1),(52,1),(53,1),(54,2),(55,3),(56,3),(57,1),(58,1),(59,3),(60,1),(61,1),(62,1),(63,1),(64,1),(65,1),(66,2),(67,2),(68,1),(69,1),(70,1),(71,1),(72,1),(73,1),(74,2),(75,2),(76,1),(77,2),(78,1),(79,2),(80,2),(81,2),(82,2),(83,1),(84,1),(85,1),(86,3),(87,2),(88,1),(89,1),(90,2),(91,2),(92,2),(93,2),(94,1),(95,1),(96,1),(97,1),(98,2),(99,2),(100,1),(101,2),(102,1),(103,1),(104,1),(105,2),(106,1),(107,3),(108,3),(109,1),(110,4),(111,2),(112,2),(113,1),(114,1),(115,2),(116,2),(117,2),(118,1),(119,1),(120,1),(121,1),(122,1),(123,2),(124,1),(125,2),(126,2),(127,2),(128,2),(129,2),(130,2),(131,1),(132,1),(133,1),(134,2),(135,1),(136,1),(137,2),(138,1),(139,1),(140,1),(141,1),(142,1),(143,1),(144,1),(145,2),(146,2),(147,2),(148,2),(149,1),(150,1),(151,3),(152,1),(153,2),(154,2),(155,2),(156,2),(157,2),(158,2),(159,1),(160,1),(161,1),(162,1),(163,1),(164,2),(165,1),(166,1),(167,1),(168,1),(169,1),(170,3),(171,1),(172,1),(173,2),(174,1),(175,1),(176,1),(177,2),(178,2),(179,2),(180,1),(181,2),(182,2),(183,2),(184,3),(185,2),(186,1),(187,1),(188,2),(189,2),(190,2),(191,1),(192,1),(193,2),(194,2),(195,1),(196,1),(197,1),(198,1),(199,2),(200,2),(201,2),(202,2),(203,3),(204,2),(205,2),(206,1),(207,1),(208,3),(209,2),(210,1),(211,1),(212,1),(213,2),(214,1),(215,2),(216,2),(217,2),(218,2),(219,2),(220,2),(221,2),(222,2),(223,2),(224,2),(225,2),(226,2),(227,2),(228,2),(229,2),(230,2),(231,2),(232,2),(233,2),(234,2),(235,2),(236,2),(237,1),(238,2),(239,2),(240,2),(241,2),(242,2),(243,2),(244,2),(245,2),(246,2),(247,1),(248,2),(249,1),(250,1),(251,1),(252,2),(253,1),(254,1),(255,1),(256,1),(257,1),(258,1),(259,1),(260,2),(261,2),(262,1),(263,1),(264,1),(265,1),(266,1),(267,2),(268,2),(269,1),(270,1),(271,1),(272,2),(273,1),(274,1),(275,1),(276,1),(277,1),(278,1),(279,1),(280,2),(281,2),(282,1),(283,2),(284,2),(285,3),(286,2),(287,1),(288,3),(289,1),(290,1),(291,3),(292,2),(293,2),(294,1),(295,1),(296,1),(297,2),(298,1),(299,1),(300,2),(301,2),(302,2),(303,2),(304,2),(305,2),(306,2),(307,1),(308,1),(309,1),(310,1),(311,2),(312,2),(313,2),(314,2),(315,2),(316,1),(317,1),(318,1),(319,1),(320,1),(321,1),(322,2),(323,1),(324,1),(325,1),(326,1),(327,2),(328,2),(329,2),(330,2),(331,2),(332,2),(333,2),(334,1),(335,1),(336,1),(337,1),(338,1),(339,2),(340,2),(341,2),(342,2),(343,1),(344,1),(345,2),(346,2),(347,1),(348,1),(349,1),(350,1),(351,2),(352,2),(353,2),(354,2),(355,2),(356,2),(357,1),(358,1),(359,1),(360,2),(361,2),(362,1),(363,1),(364,1),(365,1),(366,1),(367,1),(368,3),(369,1),(370,1),(371,1),(372,2),(373,2),(374,1),(375,1),(376,2),(377,2),(378,1),(379,2),(380,1),(381,1),(382,1),(383,1),(384,1),(385,1),(386,2),(387,2),(388,2),(389,2),(390,1),(391,1),(392,2),(393,2),(394,1),(395,1),(396,1),(397,1),(398,1),(399,1),(400,2),(401,2),(402,1),(403,1),(404,2),(405,2),(406,2),(407,2),(408,2),(409,2),(410,1),(411,2),(412,1),(413,3),(414,1),(415,2),(416,2),(417,2),(418,2),(419,2),(420,2),(421,2),(422,2),(423,2),(424,2),(425,2),(426,2),(427,1),(428,2),(429,2),(430,2),(431,1),(432,1),(433,1),(434,1),(435,1),(436,1),(437,1),(438,1),(439,2),(440,1),(441,1),(442,2),(443,2),(444,1),(445,1),(446,1),(447,3),(448,1),(449,1),(450,2),(451,1),(452,1),(453,2),(454,2),(455,1),(456,2),(457,2),(458,2),(459,2),(460,2),(461,1),(462,1),(463,1),(464,2),(465,1),(466,1),(467,1),(468,1),(469,1),(470,1),(471,3),(472,1),(473,2),(474,1),(475,2),(476,1),(477,2),(478,2),(479,1),(480,1),(481,2),(482,1),(483,1),(484,1),(485,1),(486,1),(487,1),(488,1),(489,1),(490,1),(491,1),(492,1),(493,2),(494,2),(495,2),(496,2),(497,2),(498,2),(499,1),(500,1),(501,1),(502,1),(503,1),(504,1),(505,1),(506,1),(507,1),(508,2),(509,2),(510,3),(511,1),(512,1),(513,2),(514,1),(515,1),(516,2),(517,2),(518,1),(519,1),(520,2),(521,2),(522,2),(523,1),(524,1),(525,1),(526,1),(527,1),(528,1),(529,1),(530,1),(531,1),(532,1),(533,1),(534,3),(535,3),(536,2),(537,1),(538,2),(539,2),(540,2),(541,1),(542,1),(543,1),(544,1),(545,2),(546,2),(547,2),(548,2),(549,2),(550,2),(551,2),(552,2),(553,2),(554,1),(555,2),(556,1),(557,2),(558,2),(559,2),(560,2),(561,2),(562,2),(563,2),(564,2),(565,2),(566,2),(567,2),(568,1),(569,1),(570,1),(571,1),(572,2),(573,1),(574,1),(575,1),(576,2),(577,2),(578,1),(579,1),(580,2),(581,1),(582,1),(583,1),(584,1),(585,1),(586,1),(587,2),(588,2),(589,1),(590,2),(591,2),(592,2),(593,1),(594,2),(595,1),(596,2),(597,1),(598,2),(599,2),(600,1),(601,2),(602,1),(603,2),(604,1),(605,1),(606,1),(607,1),(608,1),(609,1),(610,2),(611,1),(612,2),(613,1),(614,1),(615,2),(616,2),(617,2),(618,2),(619,2),(620,2),(621,2),(622,1),(623,1),(624,1),(625,2),(626,1),(627,2),(628,2),(629,2),(630,1),(631,1),(632,2),(633,2),(634,1),(635,1),(636,1),(637,1),(638,2),(639,2),(640,2),(641,2),(642,1),(643,1),(644,1),(645,1),(646,1),(647,1),(648,2),(649,1),(650,1),(651,1),(652,1),(653,1),(654,2),(655,1),(656,1),(657,1),(658,1),(659,1),(660,2),(661,1),(662,2),(663,1),(664,2),(665,2),(666,2),(667,1),(668,2),(669,1),(670,2),(671,1),(672,1),(673,2),(674,2),(675,1),(676,2),(677,3),(678,2),(679,2),(680,2),(681,1),(682,1),(683,1),(684,1),(685,1),(686,2),(687,2),(688,2),(689,2),(690,2),(691,2),(692,1),(693,2),(694,3),(695,1),(696,1),(697,1),(698,1),(699,1),(700,1),(701,2),(702,2),(703,1),(704,4),(705,1),(706,3),(707,3),(708,1),(709,1),(710,1),(711,1),(712,1),(713,2),(714,2),(715,1),(716,1),(717,1),(718,1),(719,1),(720,1),(721,1),(722,1),(723,1),(724,1),(725,1),(726,2),(727,2),(728,2),(729,2),(730,2),(731,2),(732,2),(733,1),(734,2),(735,2),(736,1),(737,2),(738,2),(739,2),(740,1),(741,1),(742,1),(743,2),(744,2),(745,2),(746,1),(747,1),(748,1),(749,2),(750,1),(751,1),(752,1),(753,1),(754,2),(755,2),(756,2),(757,2),(758,1),(759,1),(760,1),(761,1),(762,1),(763,1),(764,1),(765,2),(766,2),(767,1),(768,3),(769,2),(770,2),(771,1),(772,1),(773,1),(774,2),(775,2),(776,1),(777,2),(778,3),(779,2),(780,2),(781,2),(782,2),(783,2),(784,2),(785,1),(786,2),(787,2),(788,1),(789,1),(790,1),(791,2),(792,2),(793,2),(794,1),(795,2),(796,2),(797,3),(798,1),(799,3),(800,1),(801,1),(802,2),(803,1),(804,2),(805,1),(806,1),(807,1),(808,2),(809,2),(810,2),(811,2),(812,1),(813,2),(814,2),(815,1),(816,2),(817,2),(818,2),(819,2),(820,2),(821,1),(822,3),(823,2),(824,1),(825,2),(826,2),(827,2),(828,1),(829,3),(830,3),(831,1),(832,1),(833,2),(834,3),(835,1),(836,2),(837,2),(838,1),(839,3),(840,2),(841,2),(842,1),(843,1),(844,2),(845,1),(846,1),(847,1),(848,1),(849,1),(850,2),(851,2),(852,1),(853,2),(854,2),(855,1),(856,1),(857,1),(858,2),(859,1),(860,1),(861,3),(862,2),(863,1),(864,1),(865,1),(866,1),(867,2),(868,2),(869,2),(870,2),(871,2),(872,1),(873,2),(874,1),(875,2),(876,2),(877,2),(878,1),(879,1),(880,1),(881,1),(882,1),(883,1),(884,2),(885,1),(886,1),(887,2),(888,2),(889,1),(890,1),(891,1),(892,1),(893,1),(894,1),(895,2),(896,1),(897,2),(898,2),(899,2),(900,1),(901,1),(902,2),(903,2),(904,1),(905,1),(906,1),(907,1),(908,1),(909,1),(910,1),(911,1),(912,1),(913,2),(914,1),(915,2),(916,1),(917,1),(918,1),(919,2),(920,2),(921,1),(922,1),(923,1),(924,1),(925,1),(926,1),(927,2),(928,3),(929,2),(930,1),(931,2),(932,1),(933,1),(934,1),(935,1),(936,1),(937,1),(938,1),(939,2),(940,2),(941,1),(942,2),(943,1),(944,2),(945,1),(946,3),(947,1),(948,2),(949,1),(950,1),(951,2),(952,2),(953,2),(954,2),(955,1),(956,1),(957,1),(958,1),(959,3),(960,2),(961,1),(962,2),(963,1),(964,1),(965,1),(966,1),(967,2),(968,1),(969,1),(970,1),(971,3),(972,2),(973,1),(974,2),(975,2),(976,2),(977,1),(978,1),(979,1),(980,2),(981,2),(982,1),(983,1),(984,1),(985,1),(986,2),(987,1),(988,1),(989,2),(990,3),(991,1),(992,1),(993,2),(994,2),(995,1),(996,1),(997,2),(998,2),(999,1),(1000,1),(1001,1),(1002,2),(1003,1),(1004,2),(1005,3),(1006,2),(1007,1),(1008,1),(1009,2),(1010,1),(1011,1),(1012,1),(1013,2),(1014,2),(1015,1),(1016,1),(1017,2),(1018,1),(1019,1),(1020,1),(1021,1),(1022,1),(1023,1),(1024,3),(1025,1),(1026,1),(1027,1),(1028,1),(1029,2),(1030,1),(1031,2),(1032,3),(1033,1),(1034,1),(1035,1),(1036,1),(1037,1),(1038,1),(1039,1),(1040,1),(1041,2),(1042,2),(1043,1),(1044,2),(1045,2),(1046,2),(1047,2),(1048,1),(1049,1),(1050,2),(1051,2),(1052,2),(1053,1),(1054,2),(1055,1),(1056,1),(1057,2),(1058,2),(1059,2),(1060,2),(1061,1),(1062,1),(1063,1),(1064,1),(1065,1),(1066,1),(1067,2),(1068,1),(1069,2),(1070,1),(1071,1),(1072,2),(1073,2),(1074,1),(1075,1),(1076,2),(1077,2),(1078,1),(1079,1),(1080,2),(1081,3),(1082,2),(1083,1),(1084,1),(1085,2),(1086,2),(1087,2),(1088,2),(1089,1),(1090,1),(1091,2),(1092,1),(1093,2),(1094,2),(1095,2),(1096,2),(1097,2),(1098,1),(1099,1),(1100,2),(1101,1),(1102,1),(1103,1),(1104,2),(1105,2),(1106,1),(1107,1),(1108,2),(1109,2),(1110,2),(1111,2),(1112,2),(1113,2),(1114,2),(1115,2),(1116,2),(1117,2),(1118,2),(1119,2),(1120,2),(1121,3),(1122,2),(1123,2),(1124,1),(1125,1),(1126,1),(1127,1),(1128,1),(1129,1),(1130,1),(1131,2),(1132,1),(1133,2),(1134,1),(1135,1),(1136,1),(1137,1),(1138,2),(1139,1),(1140,1),(1141,1),(1142,2),(1143,2),(1144,2),(1145,2),(1146,2),(1147,2),(1148,1),(1149,2),(1150,2),(1151,2),(1152,2),(1153,2),(1154,3),(1155,1),(1156,2),(1157,1),(1158,1),(1159,1),(1160,2),(1161,1),(1162,1),(1163,1),(1164,1),(1165,2),(1166,1),(1167,2),(1168,1),(1169,1),(1170,1),(1171,1),(1172,1),(1173,1),(1174,2),(1175,1),(1176,1),(1177,1),(1178,3),(1179,1),(1180,2),(1181,2),(1182,1),(1183,1),(1184,1),(1185,1),(1186,2),(1187,1),(1188,2),(1189,1),(1190,1),(1191,1),(1192,1),(1193,1),(1194,2),(1195,2),(1196,1),(1197,1),(1198,1),(1199,2),(1200,1),(1201,2),(1202,2),(1203,2),(1204,2),(1205,1),(1206,1),(1207,1),(1208,1),(1209,1),(1210,2),(1211,2),(1212,1),(1213,2),(1214,1),(1215,2),(1216,1),(1217,2),(1218,2),(1219,1),(1220,1),(1221,1),(1222,2),(1223,2),(1224,2),(1225,2),(1226,2),(1227,2),(1228,2),(1229,2),(1230,2),(1231,1),(1232,2),(1233,2),(1234,1),(1235,1),(1236,2),(1237,1),(1238,1),(1239,2),(1240,1),(1241,2),(1242,1),(1243,2),(1244,2),(1245,1);
/*!40000 ALTER TABLE `book_category` ENABLE KEYS */;
UNLOCK TABLES;

--
-- Table structure for table `book_renting`
--

DROP TABLE IF EXISTS `book_renting`;
/*!40101 SET @saved_cs_client     = @@character_set_client */;
/*!40101 SET character_set_client = utf8 */;
CREATE TABLE `book_renting` (
  `id` int(11) NOT NULL AUTO_INCREMENT,
  `user_id` int(11) NOT NULL,
  `book_id` int(11) NOT NULL,
  `renting_start` datetime NOT NULL,
  `renting_end` datetime DEFAULT NULL,
  `limit_date` datetime NOT NULL,
  PRIMARY KEY (`id`),
  KEY `IDX_80731499A76ED395` (`user_id`),
  KEY `IDX_8073149916A2B381` (`book_id`),
  CONSTRAINT `FK_8073149916A2B381` FOREIGN KEY (`book_id`) REFERENCES `book` (`id`),
  CONSTRAINT `FK_80731499A76ED395` FOREIGN KEY (`user_id`) REFERENCES `user` (`id`)
) ENGINE=InnoDB AUTO_INCREMENT=2 DEFAULT CHARSET=utf8mb4 COLLATE=utf8mb4_unicode_ci;
/*!40101 SET character_set_client = @saved_cs_client */;

--
-- Dumping data for table `book_renting`
--

LOCK TABLES `book_renting` WRITE;
/*!40000 ALTER TABLE `book_renting` DISABLE KEYS */;
INSERT INTO `book_renting` VALUES (1,1,1,'2022-07-27 16:50:14','2022-07-27 16:50:21','2022-08-26 16:50:14');
/*!40000 ALTER TABLE `book_renting` ENABLE KEYS */;
UNLOCK TABLES;

--
-- Table structure for table `category`
--

DROP TABLE IF EXISTS `category`;
/*!40101 SET @saved_cs_client     = @@character_set_client */;
/*!40101 SET character_set_client = utf8 */;
CREATE TABLE `category` (
  `id` int(11) NOT NULL AUTO_INCREMENT,
  `label` varchar(255) COLLATE utf8mb4_unicode_ci NOT NULL,
  PRIMARY KEY (`id`)
) ENGINE=InnoDB AUTO_INCREMENT=5 DEFAULT CHARSET=utf8mb4 COLLATE=utf8mb4_unicode_ci;
/*!40101 SET character_set_client = @saved_cs_client */;

--
-- Dumping data for table `category`
--

LOCK TABLES `category` WRITE;
/*!40000 ALTER TABLE `category` DISABLE KEYS */;
INSERT INTO `category` VALUES (1,'Adulte'),(2,'Jeunesse'),(3,'Discothèque'),(4,'DVD adulte');
/*!40000 ALTER TABLE `category` ENABLE KEYS */;
UNLOCK TABLES;

--
-- Table structure for table `doctrine_migration_versions`
--

DROP TABLE IF EXISTS `doctrine_migration_versions`;
/*!40101 SET @saved_cs_client     = @@character_set_client */;
/*!40101 SET character_set_client = utf8 */;
CREATE TABLE `doctrine_migration_versions` (
  `version` varchar(191) COLLATE utf8_unicode_ci NOT NULL,
  `executed_at` datetime DEFAULT NULL,
  `execution_time` int(11) DEFAULT NULL,
  PRIMARY KEY (`version`)
) ENGINE=InnoDB DEFAULT CHARSET=utf8 COLLATE=utf8_unicode_ci;
/*!40101 SET character_set_client = @saved_cs_client */;

--
-- Dumping data for table `doctrine_migration_versions`
--

LOCK TABLES `doctrine_migration_versions` WRITE;
/*!40000 ALTER TABLE `doctrine_migration_versions` DISABLE KEYS */;
INSERT INTO `doctrine_migration_versions` VALUES ('DoctrineMigrations\\Version20220720103605','2022-07-20 12:37:22',291),('DoctrineMigrations\\Version20220720135203','2022-07-20 15:52:50',3016),('DoctrineMigrations\\Version20220720140802','2022-07-20 16:08:16',7523),('DoctrineMigrations\\Version20220725055206','2022-07-25 07:52:20',557),('DoctrineMigrations\\Version20220725055600','2022-07-25 07:56:07',134),('DoctrineMigrations\\Version20220725060332','2022-07-25 08:03:38',133);
/*!40000 ALTER TABLE `doctrine_migration_versions` ENABLE KEYS */;
UNLOCK TABLES;

--
-- Table structure for table `user`
--

DROP TABLE IF EXISTS `user`;
/*!40101 SET @saved_cs_client     = @@character_set_client */;
/*!40101 SET character_set_client = utf8 */;
CREATE TABLE `user` (
  `id` int(11) NOT NULL AUTO_INCREMENT,
  `email` varchar(255) COLLATE utf8mb4_unicode_ci NOT NULL,
  `last_name` varchar(255) COLLATE utf8mb4_unicode_ci NOT NULL,
  `first_name` varchar(255) COLLATE utf8mb4_unicode_ci NOT NULL,
  `created_at` datetime NOT NULL COMMENT '(DC2Type:datetime_immutable)',
  `password` varchar(255) COLLATE utf8mb4_unicode_ci NOT NULL,
  `phone` varchar(255) COLLATE utf8mb4_unicode_ci NOT NULL,
  `roles` longtext COLLATE utf8mb4_unicode_ci NOT NULL COMMENT '(DC2Type:json)',
  PRIMARY KEY (`id`)
) ENGINE=InnoDB AUTO_INCREMENT=2 DEFAULT CHARSET=utf8mb4 COLLATE=utf8mb4_unicode_ci;
/*!40101 SET character_set_client = @saved_cs_client */;

--
-- Dumping data for table `user`
--

LOCK TABLES `user` WRITE;
/*!40000 ALTER TABLE `user` DISABLE KEYS */;
INSERT INTO `user` VALUES (1,'albinlepessec@yahoo.fr','LEPESSEC','Albin','2022-07-27 16:49:12','$2y$13$K9yLxxs678cE3aXgLf/EV.So8.HvGZqdrS1MPO3WPKsqGoCtKChGq','0695876924','[\"ROLE_USER\",\"ROLE_ADMIN\"]');
/*!40000 ALTER TABLE `user` ENABLE KEYS */;
UNLOCK TABLES;
/*!40103 SET TIME_ZONE=@OLD_TIME_ZONE */;

/*!40101 SET SQL_MODE=@OLD_SQL_MODE */;
/*!40014 SET FOREIGN_KEY_CHECKS=@OLD_FOREIGN_KEY_CHECKS */;
/*!40014 SET UNIQUE_CHECKS=@OLD_UNIQUE_CHECKS */;
/*!40101 SET CHARACTER_SET_CLIENT=@OLD_CHARACTER_SET_CLIENT */;
/*!40101 SET CHARACTER_SET_RESULTS=@OLD_CHARACTER_SET_RESULTS */;
/*!40101 SET COLLATION_CONNECTION=@OLD_COLLATION_CONNECTION */;
/*!40111 SET SQL_NOTES=@OLD_SQL_NOTES */;

-- Dump completed on 2022-07-27 16:57:23
